Id;Date;Rating
1;2000-05-30;7
1;2000-12-31;6
2;2003-05-21;6
3;1999-12-30;5
3;2000-10-30;6
3;2001-12-30;5
4;2001-12-30;5
4;2002-05-30;6
5;2000-05-24;2
5;2001-05-30;3
5;2001-10-30;2
6;1999-12-30;4
6;2001-12-30;4
7;2002-12-30;4
7;2003-06-23;5
7;2003-12-30;6
7;2004-05-21;5
8;2002-12-30;3
9;2000-05-21;2
9;2000-12-30;0
10;2004-12-30;5
11;1999-12-30;6
11;2001-12-30;7
11;2002-05-21;8
11;2002-09-30;0
12;2000-12-30;0
13;1999-12-30;4
13;2003-05-30;5
14;1999-09-21;5
14;1999-12-30;5
14;2001-12-30;5
14;2002-05-26;6
14;2004-05-21;5
15;2003-12-30;4
16;1999-12-21;1
16;2004-06-30;0
17;1999-06-30;3
18;1999-06-21;6
18;2004-06-22;6
19;1999-12-30;0
20;2000-12-30;5
20;2001-07-30;6
21;2000-06-21;2
22;2004-12-30;8
23;1999-05-21;0
23;1999-05-30;5
23;2005-08-30;5
24;2000-06-30;0
25;2000-05-30;4
25;2000-09-21;3
26;1999-12-30;4
26;2004-05-21;4
27;2004-05-30;2
28;2004-12-30;4
29;2000-11-30;3
30;2001-12-30;1
30;2003-05-21;3
30;2003-12-30;5
30;2004-12-30;0
31;2000-05-30;0
32;2003-09-21;3
33;2001-05-26;0
34;2000-05-30;2
34;2002-12-30;3
34;2003-05-30;3
35;2002-12-30;3
35;2004-08-21;3
36;2000-05-30;4
37;2004-12-30;2
38;2000-12-30;3
38;2003-10-30;3
39;2000-05-21;2
39;2002-05-23;1
40;1999-11-30;3
40;2003-12-21;3
40;2003-12-30;3
41;2000-07-21;0
42;2004-06-30;3
43;2001-05-30;3
43;2001-06-21;4
43;2002-05-21;4
43;2002-05-21;5
43;2002-05-30;6
43;2004-08-21;5
43;2005-05-30;5
44;2005-05-30;4
45;2002-05-30;1
46;1999-05-30;2
46;2001-08-30;2
46;2002-12-30;2
46;2003-12-30;3
47;2002-12-30;4
47;2003-05-30;4
48;1999-05-30;4
49;2002-05-28;0
49;2002-05-30;2
50;2000-05-22;3
51;2001-05-30;0
52;1999-11-30;4
52;1999-12-21;4
52;2002-05-30;3
53;2000-05-30;2
54;2000-12-21;6
54;2001-10-30;7
54;2002-07-30;8
54;2002-12-30;0
55;2002-05-27;7
55;2002-12-30;0
56;2002-05-30;5
56;2003-05-30;6
57;1999-05-30;3
57;2001-05-21;3
57;2004-10-21;0
58;2004-06-21;2
59;2004-05-30;4
60;1999-07-28;5
60;2000-11-30;5
60;2002-12-30;0
61;2000-08-27;4
62;1999-05-21;3
62;2003-12-30;3
63;1999-09-30;3
63;2003-05-30;3
64;2002-07-30;5
64;2003-05-30;4
65;2000-05-21;5
65;2001-05-30;5
65;2002-12-30;4
65;2004-05-30;4
66;2004-06-30;4
67;2000-05-30;3
67;2003-05-30;3
67;2004-06-30;4
67;2004-10-30;4
67;2004-12-30;4
68;2004-08-26;4
69;2000-10-30;3
70;2000-06-30;3
70;2002-10-30;4
71;2004-12-30;4
72;1999-05-24;4
72;2002-05-21;4
73;1999-05-30;5
73;2000-12-30;5
73;2002-12-30;4
74;1999-07-28;5
74;2000-05-30;5
74;2002-05-30;4
75;1999-10-30;3
75;2003-05-30;3
76;2002-05-30;3
76;2003-07-21;3
76;2004-06-30;0
77;2001-07-30;4
77;2003-09-30;6
77;2003-12-30;6
78;2002-12-30;1
79;2004-05-30;2
80;2001-08-30;3
80;2002-11-30;0
81;2001-12-30;3
81;2002-06-30;4
82;2001-06-30;4
82;2003-05-21;4
83;1999-05-21;5
83;1999-12-30;5
83;2001-11-21;6
83;2002-05-21;6
84;1999-12-30;6
84;2003-12-30;0
85;2004-12-30;4
86;2000-12-21;5
86;2003-12-30;5
86;2004-05-30;6
87;2002-09-21;3
88;1999-05-21;5
88;2001-05-21;5
89;2001-08-30;4
90;2000-06-26;0
91;1999-12-30;2
91;2003-05-30;3
91;2004-12-30;0
92;1999-05-21;5
92;2003-10-21;5
92;2004-12-30;4
93;2002-06-21;4
93;2004-12-30;4
94;2000-05-30;4
95;2005-05-30;4
96;2000-12-30;3
97;2001-06-21;5
97;2001-09-30;4
97;2004-12-30;5
98;2002-05-24;3
99;2002-10-30;0
100;1999-05-21;4
100;2000-11-30;4
100;2003-12-30;3
101;2002-12-30;3
102;2003-07-30;0
103;1999-05-30;3
103;1999-11-30;0
104;1999-12-30;3
104;2002-12-30;0
105;1999-12-30;3
106;2002-09-30;4
106;2003-05-30;6
106;2003-11-30;5
107;1999-05-21;4
107;2001-05-21;4
108;1999-12-30;3
108;2003-12-30;3
109;2003-05-30;0
110;2000-05-30;3
111;2001-12-30;2
111;2001-12-30;2
112;2004-12-30;5
113;1999-05-30;4
113;2001-05-21;4
114;2002-12-30;3
115;1999-06-30;3
115;2003-12-30;3
116;1999-05-30;4
116;2000-05-29;3
116;2004-05-30;3
117;1999-05-30;4
117;2000-07-21;3
118;2005-05-21;3
118;2005-05-21;4
119;2003-05-30;0
120;1999-05-21;4
120;1999-12-30;4
121;2004-09-21;4
122;2000-06-28;3
122;2003-10-21;2
123;2003-05-30;3
123;2004-05-21;3
124;1999-09-21;3
125;1999-12-30;2
126;2002-05-30;5
126;2004-07-30;4
127;1999-10-30;5
127;1999-12-30;5
127;1999-12-30;6
127;2004-07-30;5
128;1999-11-30;2
128;2002-12-30;3
128;2003-11-30;0
129;2004-05-21;3
130;2002-09-30;0
131;2004-08-24;0
132;2000-12-30;3
132;2001-05-21;3
133;2003-10-30;0
134;1999-05-28;2
134;2000-05-22;2
134;2004-05-29;2
135;2000-05-30;3
135;2001-06-21;3
136;2003-11-30;3
136;2004-06-21;0
137;2001-05-24;4
138;2000-05-21;0
139;1999-12-30;3
139;2001-05-30;4
140;2005-05-30;3
141;2003-12-30;0
142;2001-12-30;5
142;2004-05-30;4
143;1999-12-30;4
143;2000-05-30;3
143;2002-08-21;3
144;2003-05-21;4
145;2000-05-30;3
146;2001-06-30;1
147;2000-08-21;2
147;2002-05-29;0
148;2000-05-21;3
149;2002-10-30;4
149;2003-12-30;3
150;2001-05-26;2
150;2001-06-30;2
150;2004-05-28;2
151;2000-05-30;0
152;2003-05-30;2
153;2000-11-30;4
154;2002-05-30;1
155;2003-08-30;4
156;1999-12-30;6
156;2000-05-21;7
156;2000-05-30;6
156;2003-05-30;7
156;2004-05-30;6
156;2004-11-30;6
157;2002-08-21;3
157;2002-11-21;3
157;2003-12-30;3
157;2004-09-30;0
158;1999-06-21;0
159;1999-05-30;0
159;1999-05-30;5
159;2003-09-30;0
160;2001-05-21;2
160;2003-12-30;3
161;1999-05-28;6
161;2000-07-21;6
161;2002-05-21;7
161;2002-07-21;0
161;2002-12-30;6
161;2002-12-30;7
162;1999-05-30;6
162;1999-10-24;6
163;2002-12-30;3
164;1999-12-30;0
165;2002-05-30;6
165;2003-08-30;7
165;2004-05-30;6
166;2000-09-30;3
166;2002-12-30;3
166;2002-12-30;4
166;2002-12-30;5
166;2003-12-30;5
167;1999-05-21;4
167;2004-06-30;3
168;2004-08-21;4
169;2000-05-30;2
169;2000-09-30;2
170;2001-05-30;3
170;2001-12-30;3
170;2003-06-21;4
170;2004-12-30;5
170;2004-12-30;0
171;2000-05-30;3
171;2004-12-30;3
172;2003-10-21;3
173;2001-12-30;2
173;2002-05-30;3
173;2003-05-21;0
173;2004-06-30;2
174;1999-12-30;0
175;2004-12-30;4
176;1999-06-30;5
176;2000-05-21;5
176;2002-05-30;4
176;2002-07-30;0
177;2005-05-21;2
177;2005-05-30;2
178;2001-12-30;0
179;2001-12-30;0
180;2005-05-25;2
181;2004-07-30;4
181;2005-05-21;3
182;2001-05-21;3
182;2003-12-30;3
183;2004-05-30;0
184;2003-05-30;3
185;2004-07-21;3
186;1999-07-30;1
186;2001-05-21;0
187;2000-08-24;2
187;2003-10-30;2
188;2000-12-30;3
189;2002-07-30;4
190;2003-10-30;3
190;2004-07-21;0
191;2002-05-30;3
191;2002-10-30;4
191;2002-12-30;4
191;2002-12-30;5
192;2000-06-30;3
192;2001-05-21;3
193;1999-12-30;2
193;2003-11-30;0
194;2002-10-30;3
194;2003-05-21;3
195;2000-12-30;4
195;2002-10-30;4
195;2005-05-30;4
196;1999-05-26;5
196;2001-08-30;0
197;2003-12-30;2
198;1999-12-29;4
198;2003-05-30;5
199;2002-10-30;2
199;2002-12-30;0
200;1999-05-30;4
201;2004-12-30;4
202;1999-06-21;5
202;1999-09-21;5
202;2001-12-30;5
203;2003-05-30;6
203;2004-05-30;6
204;2001-08-21;3
204;2002-05-30;3
204;2002-05-30;4
204;2002-08-21;6
204;2002-09-21;5
204;2002-12-30;4
204;2004-06-21;0
205;2002-06-30;0
206;2000-06-21;4
206;2001-07-30;4
206;2004-10-30;5
207;2001-12-21;1
207;2002-05-21;0
208;2002-06-21;6
208;2002-09-30;6
208;2002-12-30;5
209;2001-05-21;0
210;2004-06-26;0
211;1999-07-27;2
211;2001-05-21;2
211;2003-12-30;2
212;2004-12-30;4
213;2002-05-30;4
214;1999-05-30;4
214;2002-10-30;4
215;2002-05-21;3
216;1999-05-21;2
216;2002-12-30;1
217;2004-11-30;0
218;2002-05-21;5
218;2003-12-30;0
219;2003-11-30;3
220;2000-08-30;4
221;1999-12-30;4
222;2000-09-21;3
222;2003-06-21;3
223;2002-07-21;4
224;2000-10-30;5
224;2001-12-30;5
224;2003-09-30;6
224;2004-06-30;6
225;1999-05-21;0
226;1999-05-30;4
226;2004-12-30;3
226;2005-09-30;0
227;2003-12-30;3
228;1999-11-30;8
228;2000-07-21;0
229;2000-12-30;3
229;2001-05-21;3
230;2002-11-30;4
230;2002-12-30;4
230;2004-12-21;3
231;1999-05-30;0
231;2001-12-30;3
231;2003-05-30;4
231;2004-05-21;4
231;2005-12-30;4
232;1999-12-30;3
233;2001-05-30;4
234;2000-09-22;0
234;2000-10-30;2
235;1999-12-30;4
236;2001-12-30;0
237;2000-12-30;3
238;2000-05-30;3
238;2001-05-21;3
238;2001-12-30;3
239;2001-05-21;3
239;2002-12-30;3
240;2000-12-30;5
240;2001-06-21;0
241;1999-05-21;5
241;2000-07-22;4
241;2001-10-21;4
241;2002-12-30;3
242;2002-09-21;5
242;2004-12-30;3
243;2000-05-21;3
243;2004-12-30;3
244;1999-05-21;4
244;2004-10-21;3
245;1999-12-30;7
245;2003-08-30;0
246;2000-05-30;3
246;2001-08-21;4
246;2002-07-30;4
246;2003-12-30;0
247;1999-05-21;3
247;2001-08-21;4
247;2001-12-30;3
247;2002-05-25;4
248;2001-05-21;4
248;2001-05-21;5
248;2001-05-21;5
248;2002-12-30;5
248;2003-05-21;6
248;2005-06-30;5
249;2001-11-21;5
249;2002-09-30;6
249;2003-05-30;6
250;2000-11-30;3
250;2001-05-30;0
250;2001-12-30;4
251;1999-05-21;6
251;2000-12-21;6
251;2001-05-30;6
251;2004-10-30;6
251;2004-12-30;6
252;2000-12-30;4
252;2002-11-30;4
253;2000-05-21;5
254;2001-08-21;6
254;2003-05-30;6
255;2001-05-30;5
255;2003-11-30;6
256;1999-05-21;3
256;2001-05-30;4
257;2001-10-21;4
257;2003-12-30;4
257;2004-08-30;4
257;2005-10-30;5
258;2001-07-30;3
259;1999-12-30;5
259;2000-12-30;5
259;2001-12-30;6
259;2004-05-23;5
260;1999-08-21;0
261;2002-05-30;3
261;2003-05-30;4
261;2003-12-30;4
262;2000-10-30;2
262;2002-12-30;1
263;2002-05-21;5
263;2002-11-30;6
264;2000-05-21;3
264;2001-06-21;4
264;2005-10-30;5
265;2000-05-21;8
266;2000-05-21;4
266;2001-06-29;4
266;2002-06-30;3
267;2004-05-30;3
268;1999-07-29;6
268;2001-06-30;7
268;2001-12-30;0
269;2000-05-21;4
269;2002-08-25;6
269;2002-09-21;5
269;2003-05-30;6
269;2005-05-21;6
270;2002-06-21;5
270;2003-12-30;5
271;2000-12-30;3
271;2001-07-30;2
272;2001-05-21;3
272;2002-05-21;4
273;2001-05-30;4
273;2003-05-21;5
273;2003-05-30;4
273;2004-05-21;5
274;2001-09-30;3
275;1999-06-30;2
276;1999-05-30;2
277;2005-05-26;2
278;1999-07-30;0
279;2000-08-30;5
279;2001-05-21;4
279;2002-05-21;0
280;2001-10-21;4
280;2002-05-30;4
280;2003-09-30;4
280;2003-12-30;5
280;2004-05-26;6
281;1999-05-21;5
281;2000-12-30;4
281;2001-08-21;4
281;2002-05-21;0
282;2001-12-30;3
283;2000-12-30;3
283;2001-05-21;4
283;2002-05-30;4
283;2002-12-30;5
283;2003-05-21;6
283;2005-05-21;6
284;2000-07-30;0
285;1999-12-30;6
286;2001-08-21;3
287;2001-05-21;3
287;2002-05-21;4
288;2001-05-21;3
289;2002-11-30;3
290;2003-11-21;4
291;2001-12-30;1
292;1999-10-30;4
292;2001-09-30;4
292;2001-11-30;0
293;1999-06-21;4
293;2002-10-30;4
293;2003-12-30;4
293;2004-05-22;5
294;2002-08-21;5
294;2002-08-21;7
294;2002-09-21;5
294;2003-11-21;0
295;2001-05-30;6
295;2001-07-21;7
295;2001-07-21;8
295;2003-12-30;7
295;2004-05-21;7
296;2001-12-30;6
296;2002-05-30;6
296;2003-05-27;7
297;1999-10-21;0
298;2002-10-21;2
298;2003-05-30;0
299;1999-12-30;3
299;2000-09-30;0
300;2005-05-30;4
301;2001-11-30;4
301;2002-12-30;4
301;2003-06-30;4
302;1999-05-30;4
302;2003-05-30;0
303;2003-10-21;5
303;2004-09-21;5
304;2001-11-30;2
304;2001-12-30;1
304;2005-05-30;2
304;2005-05-30;2
305;2001-06-30;4
305;2001-08-30;4
305;2001-12-30;5
305;2002-05-25;5
306;1999-05-30;4
307;2003-05-30;3
308;2005-05-30;2
308;2005-05-30;2
309;1999-05-30;4
309;2001-05-24;0
310;2001-09-21;4
310;2002-12-30;0
311;2001-12-30;4
311;2002-05-21;0
312;1999-05-24;0
312;1999-07-30;6
313;2002-07-21;2
313;2003-05-30;3
314;1999-10-24;7
315;2005-05-21;5
316;2004-11-21;4
317;2001-05-30;8
317;2001-06-22;6
317;2001-12-30;7
317;2001-12-30;7
317;2003-11-21;0
318;2000-12-30;5
318;2004-12-30;4
319;2003-08-30;4
320;1999-07-30;7
320;1999-12-30;7
320;2000-12-30;0
321;2000-09-21;3
321;2005-07-30;0
322;1999-05-21;3
322;2001-07-30;4
322;2003-07-24;4
323;1999-11-30;3
323;2000-05-30;3
323;2001-05-30;3
323;2004-12-30;5
324;2004-05-30;3
325;1999-10-30;6
325;2000-05-21;6
325;2000-05-30;6
325;2001-05-21;7
325;2001-06-30;7
325;2001-08-26;0
326;2004-07-21;3
327;2001-05-21;3
327;2005-08-30;0
328;1999-05-30;6
328;2000-05-21;5
328;2004-08-21;5
329;2001-11-30;4
329;2001-12-30;5
329;2001-12-30;6
329;2002-06-21;6
329;2003-10-30;7
330;2003-06-21;6
331;1999-11-30;6
331;2000-12-30;7
332;2000-08-30;3
332;2004-12-30;0
333;1999-05-21;0
334;1999-05-30;6
334;1999-06-21;8
334;1999-11-30;5
334;2001-05-26;5
335;2001-08-30;4
335;2003-12-30;3
336;2003-05-30;4
337;2002-11-30;4
338;2000-05-26;3
338;2004-10-21;3
339;1999-07-30;3
339;1999-11-30;4
339;2001-05-21;4
339;2001-12-30;4
339;2005-09-30;4
340;1999-05-30;5
340;2003-09-21;6
341;2004-05-21;2
342;1999-12-30;6
342;2001-05-21;6
342;2001-08-21;7
342;2001-09-21;8
342;2001-11-30;7
342;2001-12-30;6
342;2003-12-30;7
343;2002-09-30;4
343;2004-09-21;3
344;2001-05-30;4
345;1999-05-30;5
345;2000-05-21;5
345;2000-12-30;0
345;2002-05-21;5
345;2005-05-30;0
346;2001-12-30;4
346;2002-12-30;5
347;2004-12-30;4
348;1999-05-21;3
348;2004-06-30;3
349;1999-12-30;0
350;1999-07-30;6
350;1999-10-21;5
350;2001-12-30;6
350;2003-05-30;6
350;2003-12-30;6
350;2004-08-21;0
351;2000-05-30;4
351;2000-12-30;6
351;2000-12-30;8
351;2002-05-30;0
352;2001-05-30;4
352;2002-12-30;4
353;2000-05-28;3
353;2004-05-24;0
354;2000-06-21;4
354;2001-11-30;4
354;2004-06-30;5
355;1999-12-30;6
355;2001-08-26;8
356;2002-05-21;3
356;2003-12-30;4
356;2004-12-30;4
357;2000-08-30;2
357;2000-12-30;3
357;2001-10-21;2
358;1999-12-30;4
358;2001-05-21;4
358;2002-05-30;0
358;2002-09-30;4
359;1999-12-30;0
360;2001-12-30;2
361;2003-07-30;4
362;2000-07-21;3
363;2003-10-30;0
364;2001-05-30;3
364;2003-07-30;4
365;2002-11-21;2
366;2000-05-21;5
366;2000-05-21;0
367;2000-05-28;0
368;1999-12-30;6
368;2002-06-30;0
369;2002-05-30;1
370;1999-05-30;0
371;2000-12-30;1
372;1999-06-30;3
372;2000-07-21;3
372;2000-10-21;2
372;2001-05-30;2
372;2003-12-30;0
373;1999-05-21;3
373;2000-05-30;2
373;2000-12-30;3
373;2001-07-21;2
374;2000-12-30;2
375;2004-11-30;2
376;1999-09-21;3
376;2001-05-21;4
376;2002-05-21;4
376;2003-12-30;5
377;2003-05-21;4
378;2003-12-30;4
379;2003-11-27;2
380;2000-06-24;3
381;2003-11-21;2
381;2004-12-30;0
382;2000-05-30;3
382;2001-09-30;2
383;2000-07-21;0
384;2002-07-30;0
385;2005-05-30;5
386;1999-12-30;6
386;2001-10-21;6
386;2003-05-21;6
386;2004-12-30;6
386;2005-06-30;7
387;1999-12-30;3
388;2002-07-21;3
389;1999-05-30;3
389;2002-05-30;3
390;1999-05-21;2
390;2002-10-22;3
390;2003-12-30;2
391;2000-09-21;3
391;2002-12-30;2
391;2004-05-21;0
392;2000-12-30;3
393;2000-12-30;6
393;2001-12-30;5
393;2002-12-30;5
393;2004-09-21;5
394;2004-07-21;6
394;2004-08-21;5
395;1999-06-21;0
396;2000-12-30;4
396;2001-12-30;3
396;2005-05-27;3
397;2002-05-21;3
398;2001-06-21;2
399;1999-05-27;3
399;2004-05-21;0
400;2002-05-21;4
400;2002-12-30;0
401;1999-05-21;4
401;2004-05-21;3
401;2004-09-21;3
402;1999-12-30;0
403;1999-10-30;4
403;2004-05-21;4
403;2005-05-30;3
404;2000-05-21;2
405;2000-05-30;2
406;1999-05-30;7
406;1999-05-30;8
406;2001-08-30;0
407;2003-05-21;0
408;2003-12-30;0
409;2002-12-30;3
409;2004-12-30;2
410;1999-05-30;0
411;1999-05-21;6
411;1999-12-30;6
411;2001-12-30;6
411;2003-09-30;0
412;1999-05-24;5
412;2000-08-30;4
412;2002-11-30;4
412;2003-12-30;0
413;1999-05-30;3
413;2000-12-30;2
414;2003-05-21;2
414;2004-08-30;2
415;1999-07-30;2
416;2001-05-21;3
417;2000-09-30;3
418;2001-12-30;2
419;2001-12-30;2
420;1999-10-30;0
421;2000-12-30;4
421;2002-08-30;5
422;1999-06-21;5
422;2000-05-30;4
422;2001-07-21;4
422;2002-05-28;4
423;2004-12-30;4
424;2000-12-27;2
424;2003-05-21;3
425;2000-05-30;2
425;2002-12-30;3
425;2003-05-30;3
426;2001-12-30;3
426;2003-12-30;3
427;2000-10-30;3
428;2001-10-30;3
429;2002-06-30;4
430;2000-10-30;2
430;2002-06-21;3
430;2003-05-21;3
431;2000-11-30;2
431;2002-05-30;3
431;2003-07-30;3
432;2001-09-30;3
433;1999-10-27;5
433;2000-12-30;6
433;2001-12-30;5
433;2002-07-25;5
433;2003-05-21;0
434;2003-12-30;3
435;2001-05-21;2
435;2001-12-30;3
435;2002-05-21;4
435;2002-05-22;5
435;2002-07-30;3
435;2002-12-30;4
435;2002-12-30;6
435;2004-12-30;5
436;2001-12-30;4
437;2001-12-30;6
437;2003-12-30;0
438;1999-05-30;3
439;1999-05-30;4
439;2002-12-30;5
439;2003-08-30;5
439;2004-05-21;6
439;2004-05-30;0
440;2000-05-30;0
441;2002-12-30;3
441;2005-11-30;0
442;2002-10-21;3
443;1999-05-22;3
443;2000-05-21;3
443;2000-05-21;3
443;2000-05-30;0
443;2000-12-30;3
444;2000-08-30;2
444;2003-05-21;3
444;2004-12-30;3
445;1999-09-21;4
446;2000-05-30;2
446;2003-12-30;3
446;2004-05-30;3
447;2002-06-30;2
448;2005-05-26;4
449;2003-05-21;3
450;1999-06-30;5
450;1999-12-30;4
450;2000-08-30;5
450;2000-08-30;5
450;2002-05-21;5
450;2004-12-30;0
451;1999-08-21;5
452;2000-12-30;6
452;2001-05-27;7
452;2001-10-21;7
452;2001-12-30;8
452;2002-05-21;0
453;2000-05-30;6
454;1999-08-21;6
454;2003-06-21;5
455;2002-12-30;4
456;2002-10-30;0
456;2004-10-30;6
457;1999-05-27;6
457;2001-07-21;7
457;2004-12-30;6
458;2003-12-30;5
458;2004-06-30;4
459;2001-09-21;3
459;2003-12-21;3
460;2003-05-21;6
461;2001-05-21;0
462;1999-08-30;3
462;2004-05-21;3
463;2000-05-30;0
464;2003-08-30;2
465;2001-05-21;5
465;2002-05-21;6
465;2002-09-21;6
466;2004-10-30;0
467;2002-12-30;4
467;2002-12-30;3
468;2000-12-30;5
469;2000-05-25;3
469;2002-12-30;3
470;1999-08-21;3
470;1999-12-30;3
471;2000-05-30;4
471;2002-12-30;5
471;2004-05-21;5
471;2004-07-21;5
472;2001-05-30;2
472;2005-11-30;2
473;1999-08-30;4
473;2001-08-28;4
473;2003-05-21;4
474;2000-05-30;6
474;2002-10-30;6
474;2004-09-21;6
475;2004-08-21;2
476;2000-11-30;4
476;2001-10-21;4
476;2004-12-30;3
477;2002-05-30;2
477;2003-05-21;3
478;2004-05-21;2
479;1999-06-24;3
479;2003-05-21;4
479;2004-12-30;4
480;1999-07-21;3
480;2003-05-21;4
480;2004-12-30;4
481;2000-06-30;3
481;2001-10-21;4
481;2002-05-30;5
482;1999-05-24;2
483;2000-05-21;3
484;2002-12-30;3
484;2003-05-30;4
485;2004-05-21;0
486;2001-12-30;6
486;2003-05-21;0
487;2000-09-21;3
487;2001-05-25;4
488;2000-12-30;3
489;2002-12-28;3
489;2002-12-30;3
489;2004-10-25;3
490;2003-09-21;0
491;2004-05-22;3
492;2001-05-30;4
492;2004-10-21;0
493;2003-06-30;3
494;2003-06-22;5
494;2004-10-30;0
495;1999-05-21;5
495;1999-05-30;6
495;2004-06-29;6
496;2002-10-30;4
497;2000-12-30;2
498;2004-07-21;6
499;1999-11-21;0
499;1999-12-30;8
500;2003-05-21;5
500;2004-05-30;5
501;1999-12-30;5
501;2000-05-21;5
501;2000-05-30;6
501;2001-05-30;7
501;2001-12-30;0
502;2002-12-30;6
502;2003-05-30;0
503;1999-05-21;3
503;2003-12-30;2
504;1999-08-21;5
504;2000-05-22;4
504;2001-11-21;5
504;2003-06-21;6
505;1999-05-30;5
505;2000-05-30;0
506;2003-09-30;0
507;1999-09-21;3
507;2001-12-30;3
508;2003-12-30;0
509;2002-12-30;4
509;2003-05-30;4
509;2003-12-30;4
510;2000-11-30;3
511;2003-05-21;4
512;2002-09-21;4
513;2000-05-21;4
513;2003-12-30;4
514;2003-05-21;2
515;1999-05-26;1
515;2001-08-30;0
516;2001-05-30;2
517;1999-05-30;4
518;2002-12-30;2
518;2003-05-21;0
519;1999-12-30;3
519;2002-05-21;0
520;2002-12-30;3
520;2004-05-21;3
521;2001-05-30;3
522;2000-05-30;3
522;2003-12-30;4
523;1999-05-21;5
523;2001-05-21;4
523;2001-05-30;0
524;2000-05-21;2
524;2002-05-30;1
525;2003-10-30;4
526;2002-10-21;3
526;2004-12-30;3
527;2004-06-24;3
527;2004-12-30;4
528;2000-05-28;5
528;2000-12-30;4
528;2002-09-30;0
529;2004-12-30;3
530;1999-06-21;6
530;1999-07-30;5
530;2000-05-30;7
530;2000-08-21;8
530;2001-05-21;0
530;2003-05-21;7
530;2004-09-30;6
531;2003-12-30;2
531;2004-11-21;2
532;2002-12-30;3
533;2000-12-30;4
534;2002-10-30;3
535;2000-12-30;4
535;2002-05-30;4
536;1999-05-21;3
536;2001-05-21;2
536;2004-05-21;2
537;2001-06-21;0
538;1999-06-21;4
538;2000-07-30;4
538;2001-08-30;4
538;2004-07-21;4
539;2002-05-21;4
539;2004-12-30;4
540;2003-12-30;3
540;2004-05-30;3
541;2001-12-30;5
541;2003-05-21;6
542;2001-05-30;3
542;2002-12-30;3
543;1999-07-21;0
543;1999-09-30;5
544;2000-11-23;3
544;2002-10-21;0
545;2002-11-30;3
546;2001-07-30;4
546;2004-12-30;4
547;2001-05-30;6
547;2001-12-30;6
547;2003-05-30;0
547;2003-11-30;8
548;2000-12-30;3
549;2003-11-30;3
550;1999-05-30;3
550;2002-12-30;0
551;2000-07-21;0
551;2002-06-21;3
551;2003-12-30;2
552;2002-05-30;4
552;2002-07-30;3
553;2000-05-21;6
553;2002-05-27;8
553;2002-05-30;0
553;2002-09-30;7
553;2002-12-30;6
554;2000-07-21;4
555;2001-05-21;5
555;2001-12-30;6
555;2003-12-30;7
556;2001-12-30;5
556;2005-05-30;6
557;2001-09-23;3
557;2003-12-30;3
558;1999-12-30;6
558;2002-05-21;6
559;1999-10-30;6
559;1999-12-30;6
559;2001-05-21;6
559;2002-08-21;7
559;2002-12-30;6
559;2003-05-21;7
559;2003-10-21;6
559;2003-10-30;0
560;2002-08-21;3
560;2004-05-21;2
561;2002-08-21;2
561;2004-12-30;2
562;2002-07-21;3
562;2004-12-30;2
563;2002-05-30;2
563;2003-09-30;0
564;1999-10-30;4
564;2000-08-30;3
564;2004-08-21;3
565;2004-05-21;0
566;2002-12-30;2
567;2002-12-21;2
568;2002-12-30;2
569;2002-11-30;3
570;2002-12-30;2
571;1999-05-30;5
571;2000-12-30;5
571;2001-10-21;6
572;2004-12-30;4
573;1999-05-30;0
573;1999-08-21;5
573;2000-08-30;0
574;2003-05-30;3
575;2001-08-30;3
575;2001-12-30;2
576;1999-05-28;4
577;1999-05-21;3
577;2000-12-30;3
577;2001-05-21;3
578;1999-05-21;3
578;2000-12-21;3
578;2001-05-21;3
579;2000-05-21;2
579;2002-11-21;3
579;2003-06-30;0
580;2000-05-30;2
580;2002-11-21;3
581;2001-07-23;6
581;2004-05-21;5
581;2004-12-21;5
582;2003-09-21;3
583;1999-12-30;5
583;2003-07-30;6
583;2005-07-30;6
584;2003-06-30;4
585;1999-05-23;4
585;2001-12-30;4
585;2003-12-30;4
585;2005-05-30;5
586;2001-05-21;4
586;2002-05-22;5
587;2002-07-30;5
587;2003-10-30;5
588;2001-05-21;6
588;2002-10-23;6
588;2003-06-21;7
588;2004-05-21;7
589;2000-12-30;5
590;2003-05-21;5
590;2004-12-30;5
591;2001-06-29;2
592;1999-05-30;4
592;2001-12-30;4
592;2004-05-29;0
593;1999-12-30;4
593;2002-05-30;4
593;2002-10-21;7
593;2002-11-30;5
593;2003-12-30;5
594;2000-05-28;3
595;2000-08-21;4
595;2004-05-21;5
595;2004-12-30;4
596;1999-12-30;7
596;2000-09-21;6
596;2003-07-21;6
597;1999-05-21;4
597;2001-10-30;0
598;2001-05-30;7
598;2001-12-30;8
599;2003-05-23;3
600;2003-05-29;3
601;2002-12-30;4
601;2005-05-21;4
602;2000-05-30;5
602;2001-08-21;4
603;2004-12-30;3
604;1999-05-30;4
604;2002-07-30;4
604;2002-12-30;4
604;2002-12-30;5
604;2003-05-30;7
605;1999-05-30;4
606;1999-12-30;6
606;2000-05-21;7
606;2001-08-21;7
606;2002-05-30;0
607;2001-09-21;4
608;2001-05-21;2
609;2001-11-21;4
610;1999-12-30;5
611;1999-05-30;4
611;2002-05-30;4
611;2002-09-21;5
611;2003-11-30;6
612;1999-06-21;4
612;2000-08-30;3
612;2002-05-30;0
613;2002-06-30;4
614;2001-05-27;3
615;2002-05-30;4
615;2002-05-30;4
616;2000-10-21;4
616;2001-05-21;7
616;2001-05-30;6
616;2001-12-30;5
616;2002-10-21;0
617;1999-12-30;4
617;2005-10-30;4
618;2000-07-21;4
618;2001-10-30;3
619;2001-12-30;3
620;2001-09-21;2
621;1999-05-21;5
621;2000-11-30;6
621;2001-09-30;5
622;2002-08-30;4
622;2003-12-30;4
623;2001-12-30;3
623;2002-12-30;3
624;2001-08-21;3
624;2002-12-30;3
625;2001-06-21;3
625;2002-12-30;3
626;1999-05-30;3
626;2000-05-21;2
626;2002-05-21;2
627;2000-06-21;3
628;2000-05-22;5
628;2000-12-30;4
628;2004-06-21;5
629;2003-12-30;3
630;1999-09-21;3
630;2000-10-30;2
630;2001-12-30;0
631;1999-07-21;4
631;2000-05-30;4
631;2001-10-21;4
632;2002-11-30;4
632;2003-12-30;4
632;2004-12-30;5
633;1999-05-26;3
633;2004-10-30;3
634;2000-05-30;4
634;2002-12-30;3
635;1999-12-30;6
635;2000-06-30;7
635;2003-07-21;0
636;2001-05-21;4
636;2001-06-21;5
636;2001-12-30;6
636;2002-05-26;6
636;2003-05-22;7
637;1999-12-30;5
637;2001-05-21;4
637;2001-06-30;3
637;2005-05-21;4
638;2001-08-22;2
638;2004-12-30;2
639;1999-09-30;6
639;2000-05-30;5
639;2004-05-21;0
640;2001-05-21;4
640;2002-07-21;3
641;1999-12-30;4
641;2000-11-30;5
641;2000-12-30;6
641;2002-05-30;7
641;2002-07-30;6
641;2002-11-30;7
641;2002-12-30;8
641;2003-08-21;0
642;2004-09-30;1
643;2001-07-21;3
644;1999-12-30;4
645;1999-05-30;6
645;2001-05-21;7
645;2001-12-30;7
645;2001-12-30;0
646;1999-05-30;3
646;2004-12-30;3
647;2000-11-30;4
647;2002-09-30;4
648;2001-05-30;3
649;2001-06-21;6
649;2001-12-30;6
649;2002-05-23;6
649;2003-10-30;7
650;1999-05-30;4
650;2000-08-21;3
650;2001-09-21;4
650;2001-12-30;4
650;2002-08-21;4
650;2005-05-21;4
651;2000-05-21;4
651;2001-12-30;4
652;1999-05-24;5
652;2003-05-21;0
653;2001-09-21;4
653;2005-12-30;4
654;1999-05-21;4
654;2001-11-30;0
655;2001-12-21;2
656;2001-08-24;2
656;2001-12-30;1
656;2004-05-21;2
657;2001-11-23;2
657;2001-12-30;2
658;2000-12-30;1
659;2002-12-30;3
660;1999-10-21;3
660;1999-12-30;3
660;2001-12-30;4
660;2005-05-30;4
661;2002-05-21;4
661;2005-05-21;0
662;2004-07-21;6
663;2000-05-21;3
663;2001-09-21;4
663;2001-12-30;3
663;2002-05-30;4
663;2002-06-21;5
664;2001-07-30;3
665;2004-08-21;4
666;1999-12-30;2
666;2004-07-30;0
667;2001-07-30;6
668;2000-12-30;3
668;2001-08-30;3
668;2004-09-30;2
669;2000-11-30;3
669;2001-05-21;3
669;2002-10-21;0
670;2001-05-23;2
670;2001-05-30;2
671;2001-09-26;2
672;2001-12-30;2
672;2002-12-30;0
673;2000-12-30;2
673;2002-08-23;2
674;2002-05-26;7
674;2003-05-29;7
674;2004-05-30;8
674;2005-05-21;0
675;2000-06-21;4
675;2001-05-21;7
675;2001-09-21;8
675;2003-05-25;6
676;2001-11-30;4
676;2002-05-30;5
676;2002-12-30;5
677;2000-05-25;0
678;2002-12-30;3
679;2001-05-24;3
679;2002-11-21;0
680;1999-05-21;4
680;2000-05-21;3
680;2004-06-30;3
680;2004-09-28;3
681;2000-05-30;6
681;2001-05-26;7
681;2004-10-21;0
682;1999-05-21;4
682;2000-06-30;3
682;2004-12-30;3
683;1999-05-21;4
683;2000-05-21;3
683;2004-06-30;3
684;2001-05-21;3
685;1999-12-30;6
685;2001-12-30;7
685;2003-07-30;6
685;2003-12-30;8
685;2004-05-30;0
686;2000-09-21;4
686;2001-10-30;4
686;2001-12-30;5
686;2002-07-30;5
687;2001-05-21;5
687;2001-08-30;4
687;2002-07-30;5
687;2004-12-30;5
688;2003-05-21;0
688;2003-05-25;3
688;2004-07-21;3
689;1999-05-30;6
689;2000-12-30;0
690;1999-10-24;7
690;2001-11-21;0
691;2000-09-30;3
691;2003-05-21;4
691;2004-12-30;5
692;2000-08-21;3
692;2001-05-21;4
692;2002-08-30;6
692;2003-05-21;5
692;2003-11-30;5
693;2004-12-30;4
694;2001-05-30;4
695;2002-05-21;3
696;2000-08-21;3
696;2005-06-30;4
697;1999-05-30;2
698;2003-09-21;4
699;2000-12-30;0
700;1999-05-21;6
700;2003-05-30;5
700;2005-07-30;6
701;2001-06-21;5
701;2001-12-30;5
701;2003-05-21;6
701;2004-05-30;7
701;2004-12-30;7
701;2004-12-30;8
702;2004-12-30;0
703;2001-05-21;0
703;2002-05-30;3
703;2004-05-28;4
704;2001-05-21;2
704;2004-05-21;2
705;1999-12-30;3
705;2000-05-21;3
705;2000-09-21;3
705;2002-10-30;2
706;1999-05-21;1
707;2005-08-30;5
708;1999-05-21;2
709;1999-05-21;2
710;2002-09-23;3
710;2002-09-30;2
711;2000-11-30;4
711;2002-05-21;4
712;2000-12-30;5
712;2001-06-21;5
712;2004-12-30;4
713;1999-05-21;4
713;2000-09-21;5
713;2000-12-30;0
714;2003-05-24;6
715;2000-11-30;2
715;2003-05-21;2
716;1999-12-30;6
716;2001-05-30;5
716;2001-12-30;6
716;2002-08-30;6
717;2000-12-30;3
717;2001-05-30;4
718;2003-05-30;4
719;2002-12-30;2
720;2000-10-30;5
720;2004-05-30;4
720;2005-07-30;3
721;1999-12-30;5
721;2000-09-21;6
721;2000-12-30;5
721;2001-08-21;5
721;2004-09-21;6
721;2005-12-30;0
722;2003-09-21;6
722;2003-12-30;6
722;2004-05-21;6
723;2000-10-21;0
724;2000-12-30;4
724;2003-08-21;6
725;2001-10-30;0
726;2003-12-30;4
727;2001-12-30;3
727;2002-05-26;0
728;1999-12-30;6
729;2000-05-21;4
730;2000-12-30;3
730;2001-12-30;2
731;2002-07-30;0
732;2005-05-21;3
733;1999-11-30;2
733;2001-05-21;2
733;2002-05-30;2
733;2003-12-30;3
734;2001-09-21;3
734;2001-12-30;3
734;2002-08-30;4
734;2004-05-21;0
735;1999-07-30;3
735;2003-05-21;4
735;2003-10-30;4
735;2004-12-30;5
736;2003-05-30;4
737;1999-06-21;5
737;2000-05-30;0
738;2002-07-24;5
738;2002-08-21;4
739;2001-05-21;6
739;2003-05-27;6
739;2005-05-30;7
739;2005-08-30;7
740;1999-12-30;3
740;2000-12-30;0
741;1999-12-30;6
741;2000-05-21;0
741;2000-05-30;7
741;2000-12-30;6
741;2002-12-30;6
741;2003-05-21;7
741;2003-12-30;0
742;2003-05-21;6
742;2003-12-30;6
743;2001-10-26;3
743;2002-07-30;4
743;2003-12-30;4
743;2005-05-23;5
744;1999-12-30;6
744;2005-07-30;0
745;1999-12-30;7
745;2000-06-21;7
745;2001-06-30;0
746;1999-09-30;0
747;1999-12-30;3
748;2000-06-29;0
749;1999-08-21;0
750;1999-09-30;5
750;1999-12-30;5
750;2000-11-30;5
750;2004-05-21;4
751;1999-05-30;4
751;2002-09-21;4
751;2002-09-21;5
751;2003-09-30;6
752;2002-08-21;2
753;2000-05-21;4
754;2000-05-30;6
755;2002-12-30;7
756;2001-08-30;5
756;2002-05-21;4
756;2004-10-21;4
757;2004-05-21;0
758;2000-12-30;0
759;1999-12-30;5
760;2004-05-30;3
761;2002-05-21;3
762;2001-12-30;0
763;2001-05-21;4
764;1999-12-30;8
764;2001-05-30;0
765;2002-05-30;3
765;2003-12-30;3
766;2001-11-21;7
766;2002-05-30;0
767;1999-12-30;2
768;2002-05-24;0
769;2001-05-21;2
769;2003-12-30;3
769;2005-09-30;0
770;2001-05-21;5
770;2002-12-30;6
770;2002-12-30;0
770;2003-11-30;6
771;1999-12-30;6
771;2003-10-30;6
771;2003-12-30;7
772;2001-11-21;8
772;2001-12-30;7
772;2002-05-30;0
772;2003-12-30;6
772;2004-12-30;6
772;2005-05-21;7
773;2005-05-21;0
774;2000-12-30;2
775;2001-05-22;0
776;2001-12-30;2
776;2001-12-30;2
776;2002-05-28;3
777;2001-06-30;4
777;2002-05-21;5
777;2002-12-30;5
778;1999-11-30;5
778;1999-11-30;6
778;2001-10-30;6
778;2003-12-30;6
779;2002-12-30;4
780;2000-05-21;2
780;2002-05-21;1
781;2000-05-21;2
781;2002-05-21;1
782;2000-05-21;5
782;2000-05-30;6
782;2000-06-26;6
782;2002-05-21;7
782;2002-12-30;0
783;2000-07-21;6
783;2000-12-30;5
783;2001-05-21;6
783;2001-05-21;7
783;2001-06-29;7
783;2001-10-21;0
784;2000-05-24;3
784;2000-10-30;4
784;2001-06-21;4
785;1999-10-21;4
786;2001-05-21;4
786;2001-10-30;4
786;2005-12-30;5
787;1999-05-21;3
787;2001-09-30;4
787;2002-05-21;4
787;2002-12-30;5
787;2003-07-21;5
788;1999-05-21;3
788;2000-12-30;2
788;2002-05-21;2
789;2002-05-30;2
790;2001-05-21;0
791;1999-05-30;3
791;2000-12-30;3
791;2001-10-30;3
792;2002-05-21;0
793;1999-12-30;2
793;2001-12-30;2
794;1999-12-30;3
795;2002-12-30;2
795;2005-09-30;2
796;2002-12-30;2
796;2005-07-30;2
797;1999-11-30;7
797;1999-12-30;7
797;2000-08-30;0
798;2000-05-21;2
799;1999-11-30;3
799;2004-07-21;3
800;2004-05-21;4
801;2002-10-30;0
802;1999-08-30;3
803;1999-12-21;0
804;1999-12-30;0
805;2003-05-30;3
806;2001-12-30;2
806;2004-05-21;2
807;2000-05-30;2
807;2002-12-30;2
807;2005-05-21;2
808;2000-07-30;0
809;2002-12-30;2
809;2005-10-30;2
810;2004-05-21;2
811;2000-05-30;3
811;2002-05-23;2
811;2003-09-21;0
812;2002-12-30;2
812;2003-05-30;0
813;2002-08-22;2
814;2004-05-21;0
815;1999-12-30;3
815;2003-05-21;2
816;2000-12-30;2
816;2003-05-30;1
817;2000-05-30;3
818;2001-05-30;2
818;2001-12-30;2
818;2004-11-30;0
819;2002-08-21;2
820;2002-11-21;2
821;1999-05-21;6
822;2000-08-21;3
822;2002-12-30;2
822;2002-12-30;0
823;1999-05-21;0
824;2000-05-30;3
824;2002-12-30;2
825;2000-05-30;5
825;2001-10-21;6
825;2001-10-30;6
826;2001-05-21;5
826;2002-12-30;6
826;2003-05-30;0
826;2003-11-30;7
826;2003-11-30;7
827;2000-10-21;3
827;2005-09-30;3
828;1999-06-21;5
828;2001-06-24;0
828;2001-12-30;4
829;2001-08-30;0
830;2000-08-21;4
830;2002-08-21;5
830;2002-09-21;5
830;2003-05-30;6
831;2000-05-21;3
831;2002-05-30;3
832;1999-08-21;5
833;2002-05-21;4
833;2002-05-30;4
833;2002-12-30;5
833;2003-05-21;6
833;2003-05-30;7
833;2003-05-30;0
834;2000-05-21;3
834;2002-05-21;3
835;1999-05-21;4
836;2004-06-22;2
836;2004-12-30;0
837;1999-06-25;4
837;2000-05-21;4
837;2005-05-21;4
838;1999-06-21;6
838;2001-05-21;5
839;1999-06-21;3
839;2001-05-21;3
839;2001-05-30;3
839;2002-05-21;4
839;2003-12-30;4
839;2004-06-21;0
840;1999-05-30;4
840;2000-10-30;5
840;2000-12-26;6
840;2000-12-30;5
840;2002-12-30;7
841;2001-06-30;5
841;2001-12-30;5
841;2002-09-21;6
841;2005-05-21;5
842;2004-10-21;3
843;2002-12-30;3
843;2004-12-30;2
844;2001-06-30;3
844;2003-05-30;4
844;2004-12-30;4
845;2002-05-30;3
846;2002-05-30;4
847;2000-05-21;3
847;2002-12-30;4
847;2005-05-21;0
848;2000-12-30;3
848;2002-12-30;3
848;2005-05-30;0
849;2000-08-30;2
849;2002-05-30;3
850;2000-10-30;2
850;2002-12-30;3
851;2000-12-30;2
851;2002-12-30;3
851;2004-10-21;3
852;2002-05-21;4
852;2002-12-30;4
853;2001-05-30;3
854;2001-12-30;4
854;2002-05-21;5
854;2002-05-30;5
854;2004-05-30;5
854;2004-09-21;5
854;2005-05-30;4
855;2001-06-21;7
855;2002-11-30;0
856;2000-12-30;2
856;2002-12-30;2
857;1999-05-21;0
857;1999-12-30;5
857;2005-09-30;5
858;2002-05-30;3
859;2000-05-30;2
859;2002-05-30;0
860;2001-11-30;4
860;2002-05-21;4
861;2002-12-30;0
862;1999-06-21;3
862;2002-12-30;0
863;2000-08-26;3
863;2003-05-21;3
864;2000-12-30;3
864;2002-12-30;4
865;2004-11-21;4
865;2005-05-22;4
866;2003-05-21;3
866;2004-12-30;4
866;2005-12-30;4
867;2000-05-21;0
868;2004-07-30;4
868;2005-11-30;4
869;2003-05-21;3
869;2004-12-30;4
870;2000-12-30;4
870;2001-12-30;4
870;2004-05-21;4
871;1999-06-30;5
871;2002-05-21;0
872;2000-12-30;2
872;2002-06-30;3
873;2000-12-30;3
873;2002-12-30;3
874;2000-05-30;2
874;2002-12-30;3
874;2003-12-30;0
875;2000-06-21;2
875;2002-07-30;0
876;2000-12-30;2
876;2002-12-30;3
876;2003-08-30;0
877;2003-10-30;4
877;2004-05-21;4
878;2000-06-21;2
878;2002-12-30;3
878;2003-05-30;0
879;2001-10-30;3
880;2000-05-21;2
880;2002-12-30;3
880;2003-05-21;0
881;2005-05-21;2
882;2000-05-21;2
882;2002-09-21;3
882;2003-07-30;0
883;2000-10-30;2
883;2002-12-30;3
883;2003-12-30;0
884;2004-05-21;4
884;2004-08-30;0
885;1999-12-30;3
886;2003-05-21;0
887;1999-12-30;5
887;2002-05-21;5
887;2004-10-21;6
888;2002-05-21;2
888;2002-12-30;3
888;2003-10-21;2
889;1999-12-21;5
889;2001-08-30;6
890;2002-05-22;2
890;2002-12-30;0
891;2000-12-30;4
891;2002-05-30;5
891;2003-05-21;5
892;2003-08-21;0
893;1999-05-30;4
893;2002-12-30;5
894;1999-12-30;4
894;2000-05-26;0
894;2002-05-21;6
894;2005-06-30;0
895;2001-12-30;4
896;2002-12-30;0
897;1999-05-21;4
897;1999-05-30;3
897;1999-06-21;5
897;1999-12-30;6
897;2000-05-30;2
898;2002-12-30;3
899;2003-05-30;5
899;2003-06-30;6
899;2003-11-30;6
899;2004-05-21;6
900;1999-12-30;2
900;2001-12-30;2
901;1999-05-30;4
901;2003-12-30;0
902;2001-07-21;2
903;2000-12-30;3
903;2003-09-30;3
904;2000-05-30;3
904;2002-05-24;0
905;1999-09-30;0
906;2000-12-30;5
906;2001-07-30;6
906;2002-10-29;6
906;2004-12-30;7
907;2000-05-30;3
907;2005-05-21;3
908;1999-06-21;3
908;2003-09-21;3
909;2000-05-21;5
909;2002-09-21;0
910;2002-05-30;3
910;2002-12-30;0
911;1999-05-30;3
911;2002-12-30;3
912;2001-08-30;4
912;2002-10-30;4
913;1999-07-30;4
913;2000-09-30;5
913;2000-12-30;5
913;2002-05-21;7
913;2002-05-30;6
913;2002-12-30;7
913;2002-12-30;0
914;2004-12-30;5
915;1999-05-30;7
915;1999-09-30;8
916;2001-10-30;3
916;2001-12-30;4
916;2002-05-21;4
916;2002-12-30;5
916;2004-06-25;0
917;2000-05-30;7
917;2000-08-30;4
917;2000-10-21;6
917;2000-12-30;5
917;2000-12-30;6
917;2001-08-30;7
917;2002-12-30;0
918;1999-08-30;5
918;2000-05-21;6
918;2000-05-28;6
918;2000-05-30;7
918;2001-12-21;0
919;1999-05-30;0
920;2000-06-21;2
920;2002-12-30;3
921;2005-10-30;3
922;2003-10-21;3
923;2000-05-21;4
923;2000-06-30;3
923;2003-05-30;0
924;2002-09-21;0
925;2000-12-30;4
925;2001-11-30;4
925;2002-12-30;3
926;2000-05-30;2
926;2001-12-30;2
926;2003-05-21;3
927;2000-05-21;4
927;2001-05-30;6
927;2001-11-21;8
927;2001-12-30;4
927;2001-12-30;4
927;2003-12-30;0
928;2000-05-30;0
929;1999-10-30;2
929;2001-05-30;3
929;2001-06-30;3
929;2002-05-30;4
930;2002-09-30;4
930;2003-05-30;6
930;2003-09-30;5
931;2001-05-30;0
932;2003-11-30;2
933;1999-06-30;4
933;2001-08-30;4
934;1999-05-26;6
934;2001-10-21;7
934;2002-12-30;0
935;2000-12-30;4
935;2000-12-30;4
935;2001-05-21;5
935;2004-09-30;4
936;1999-07-21;0
937;2000-12-30;4
937;2001-05-30;4
937;2005-05-21;3
938;2003-05-21;3
939;1999-12-30;0
939;2000-12-30;4
940;2000-05-21;7
940;2000-05-21;8
940;2000-05-30;6
940;2001-05-21;0
941;2004-07-30;4
942;1999-05-30;0
942;1999-08-21;6
942;2003-05-21;0
943;1999-12-30;4
944;1999-05-30;8
944;1999-06-28;0
945;2002-07-30;3
946;2001-06-21;1
947;2001-12-30;3
947;2004-05-23;3
948;2000-06-21;5
948;2000-12-30;5
949;2001-07-30;0
950;1999-12-30;0
951;2001-12-30;4
951;2002-05-23;4
952;2001-08-21;3
952;2001-12-30;2
952;2002-12-30;3
953;2001-05-30;2
953;2001-05-30;3
953;2002-05-21;3
953;2003-12-30;0
954;1999-05-30;4
954;2001-12-30;5
954;2004-08-21;4
955;1999-05-21;6
955;2000-05-21;6
955;2000-08-21;7
955;2001-05-21;8
955;2001-09-30;7
956;1999-05-30;5
956;1999-12-30;6
956;2001-12-30;6
956;2002-05-30;7
956;2005-05-21;6
957;2004-12-30;3
958;2003-07-30;4
958;2005-06-30;3
959;1999-07-30;3
959;2005-06-30;3
960;2002-12-30;5
960;2004-12-30;0
961;1999-06-21;4
961;2004-05-21;5
961;2004-11-30;6
961;2005-05-23;6
962;1999-08-30;4
963;2000-12-30;6
963;2002-12-30;5
963;2003-07-21;5
963;2005-05-21;0
964;1999-12-30;7
964;2000-08-21;6
964;2003-05-30;6
965;2004-07-21;0
966;1999-12-30;4
967;2002-09-30;0
968;2001-06-30;0
968;2001-09-30;3
968;2003-05-21;3
969;1999-12-30;3
969;2000-08-21;2
969;2003-12-30;3
970;2003-06-23;3
970;2005-11-30;2
971;2003-08-21;5
971;2003-12-30;5
972;2001-05-30;5
972;2002-12-30;0
973;2001-05-30;4
973;2002-09-21;4
974;1999-07-30;4
974;2002-05-21;4
974;2002-06-21;5
974;2002-07-21;0
974;2003-06-30;6
974;2004-10-21;6
975;2003-10-21;3
975;2004-12-30;3
976;2003-12-30;3
977;2002-05-30;4
977;2002-06-21;4
977;2002-12-30;4
978;2000-12-30;2
979;2004-10-21;5
980;2001-12-30;5
980;2002-12-30;0
981;1999-05-21;4
981;1999-05-30;4
981;2000-05-30;3
981;2002-05-30;3
982;1999-11-21;3
982;2005-05-30;3
983;2001-09-30;4
984;2001-05-30;3
985;2002-08-30;3
985;2003-08-21;2
986;2002-07-21;2
986;2003-05-30;2
987;2004-07-30;2
988;2000-12-30;4
988;2003-08-21;4
989;2003-05-21;0
990;1999-05-21;4
990;2000-05-21;3
990;2002-05-21;0
991;2005-05-21;3
992;1999-05-30;4
993;2002-12-30;0
993;2003-12-30;6
994;2000-06-21;4
994;2003-07-30;4
995;2000-12-30;4
995;2003-10-21;4
996;2000-05-21;2
997;1999-12-30;6
997;2002-05-30;0
998;2004-05-28;2
999;1999-12-30;4
999;2004-05-30;0
1000;1999-05-21;3
1001;1999-05-21;0
1002;2000-05-30;5
1002;2002-12-30;5
1002;2003-05-21;7
1002;2003-10-30;7
1002;2003-12-30;0
1003;2004-09-30;4
1004;1999-05-30;6
1004;2001-05-21;5
1004;2002-05-21;6
1005;1999-05-30;2
1005;2003-05-21;2
1005;2004-05-24;3
1005;2004-05-28;3
1006;2001-09-21;4
1006;2002-05-21;5
1006;2002-12-30;5
1006;2002-12-30;7
1006;2004-05-21;6
1006;2004-05-29;6
1006;2004-05-30;5
1006;2005-05-25;4
1007;2001-05-21;2
1007;2003-05-30;3
1007;2003-12-30;0
1008;2001-05-30;3
1008;2002-05-21;0
1009;2001-10-30;3
1010;2000-05-21;2
1010;2002-08-21;0
1011;1999-12-30;6
1011;2000-12-30;6
1012;1999-05-21;5
1012;1999-12-30;5
1012;1999-12-30;0
1013;1999-07-21;3
1013;2004-07-30;0
1014;1999-08-30;3
1014;2004-12-30;3
1015;2004-12-30;6
1015;2005-06-30;5
1016;1999-05-21;5
1016;2000-12-30;4
1017;2000-05-21;0
1018;2000-12-30;7
1018;2001-06-30;7
1018;2004-08-21;7
1019;2001-05-21;4
1020;1999-07-30;3
1020;2000-12-30;2
1020;2001-07-21;0
1021;1999-12-30;2
1021;2003-05-21;2
1021;2004-07-21;3
1021;2004-12-30;3
1022;2000-12-30;3
1022;2002-12-30;4
1023;1999-05-21;5
1023;2003-11-21;6
1024;2005-10-30;4
1025;2001-05-21;4
1025;2003-11-30;4
1026;2002-05-30;4
1027;1999-05-30;4
1027;2000-12-30;4
1027;2002-09-30;4
1027;2003-07-30;0
1027;2004-12-30;4
1028;2001-08-21;2
1028;2003-11-30;3
1029;2000-08-30;4
1029;2003-12-30;4
1030;1999-09-30;4
1030;2000-10-30;3
1030;2004-08-22;3
1031;2003-08-21;6
1032;1999-05-21;4
1032;2000-11-30;3
1032;2004-11-21;3
1033;2001-12-30;3
1033;2004-05-30;2
1034;1999-12-30;6
1034;2001-05-30;7
1034;2001-07-30;6
1034;2002-05-30;8
1034;2002-07-21;7
1034;2004-10-30;7
1034;2005-10-30;5
1035;2000-12-30;4
1036;2000-05-30;6
1036;2002-08-30;7
1036;2003-08-30;0
1037;2001-12-30;3
1037;2004-05-30;0
1038;1999-12-30;7
1038;2000-06-21;7
1038;2002-09-30;7
1039;2001-07-21;0
1040;2000-12-30;2
1041;1999-05-30;0
1042;2001-08-21;6
1042;2004-12-30;0
1043;2002-05-30;4
1043;2004-11-30;0
1044;2000-05-21;0
1045;2000-05-21;4
1046;1999-05-21;5
1046;2003-05-21;4
1046;2004-12-30;4
1047;2003-05-29;0
1048;1999-05-30;6
1048;1999-05-30;0
1048;2000-06-21;5
1049;1999-05-21;6
1049;1999-12-30;6
1049;2001-12-30;7
1049;2002-05-30;0
1050;2002-12-30;5
1051;2002-05-21;4
1051;2002-12-30;5
1051;2004-11-21;4
1052;2001-05-21;5
1052;2001-12-30;5
1052;2003-05-21;5
1052;2004-05-30;6
1052;2004-06-30;7
1052;2005-07-30;0
1053;2001-05-21;4
1053;2001-07-23;4
1054;2001-05-21;2
1054;2001-09-30;3
1055;2003-12-30;3
1056;2001-05-30;3
1056;2003-06-21;0
1056;2003-09-30;4
1057;2000-11-30;4
1057;2002-06-21;4
1058;2000-05-21;3
1059;2000-05-21;2
1060;1999-05-21;5
1060;1999-12-30;5
1060;1999-12-30;5
1060;2004-05-21;5
1061;2002-05-21;2
1062;2002-12-30;5
1062;2003-08-21;5
1063;2001-12-30;2
1063;2002-05-21;3
1064;2000-09-21;4
1064;2002-12-30;5
1064;2003-05-30;5
1065;2001-10-30;2
1065;2001-12-30;2
1065;2002-05-27;3
1066;1999-12-30;3
1066;2004-07-30;4
1067;1999-05-30;6
1067;2000-05-21;0
1068;1999-05-21;2
1069;2004-05-25;1
1070;2001-05-24;2
1070;2001-11-21;2
1070;2002-05-21;3
1071;1999-05-21;6
1071;1999-07-22;7
1071;1999-12-30;7
1071;2000-07-21;0
1072;2000-10-30;3
1072;2002-09-30;3
1072;2002-12-30;3
1073;2002-10-21;3
1074;2002-10-21;3
1075;1999-05-21;5
1075;1999-05-30;4
1075;2002-05-21;4
1075;2005-05-21;4
1076;2003-08-21;6
1076;2004-09-21;0
1077;2001-05-26;0
1078;1999-10-21;6
1078;2001-05-30;6
1078;2002-12-30;6
1078;2004-06-21;6
1078;2005-05-30;0
1079;2003-05-21;0
1080;1999-05-21;5
1080;2000-09-30;4
1080;2002-05-21;6
1080;2002-05-21;7
1080;2002-05-21;8
1080;2002-06-21;0
1080;2002-08-30;7
1081;2000-10-21;6
1081;2001-12-30;6
1081;2002-06-30;7
1082;1999-08-30;3
1082;2002-12-30;0
1083;1999-06-21;5
1083;1999-12-30;0
1084;1999-05-21;3
1084;2000-12-30;2
1084;2002-09-30;0
1085;1999-05-30;2
1086;2003-12-30;3
1087;2000-05-21;0
1087;2004-09-30;6
1088;2000-11-30;5
1088;2002-05-21;5
1088;2003-12-30;5
1088;2004-05-21;6
1089;2000-07-30;5
1089;2005-10-30;5
1090;2000-11-30;5
1090;2005-05-21;5
1091;2004-05-21;0
1092;2004-12-30;4
1093;2000-12-30;4
1093;2002-12-30;4
1093;2005-05-21;4
1094;1999-12-21;0
1094;2002-11-30;4
1095;2001-09-30;4
1095;2004-08-21;4
1096;2002-05-23;5
1097;2002-05-21;3
1097;2003-10-30;4
1097;2004-05-30;3
1098;1999-05-30;3
1098;2000-05-22;3
1099;2000-05-21;3
1100;2003-05-21;2
1101;1999-05-21;4
1101;2001-12-30;4
1101;2003-08-30;4
1101;2005-05-21;5
1102;2003-12-30;6
1103;2000-09-23;7
1103;2001-10-30;8
1104;2001-12-30;2
1105;2000-05-21;3
1106;1999-09-30;5
1106;2002-09-30;6
1107;1999-10-25;6
1107;2000-05-30;0
1108;1999-09-21;4
1108;1999-10-30;4
1108;2002-05-26;3
1109;1999-07-30;4
1109;1999-12-30;4
1109;2002-07-30;3
1110;2000-05-21;0
1111;2004-05-30;4
1112;2004-05-24;0
1113;1999-12-30;7
1113;2001-07-21;7
1114;1999-09-21;6
1114;2000-12-30;6
1114;2000-12-30;8
1114;2002-05-21;0
1115;1999-12-30;5
1115;2000-12-30;6
1115;2001-05-30;5
1116;2004-05-21;4
1117;1999-05-30;6
1117;2000-05-21;0
1118;1999-05-30;4
1118;2002-05-26;5
1118;2002-07-21;4
1118;2004-05-21;4
1118;2005-05-21;3
1119;2001-05-21;3
1119;2003-05-30;4
1119;2004-05-21;3
1120;1999-05-30;4
1121;1999-05-30;4
1121;1999-12-30;4
1121;1999-12-30;4
1121;2001-08-21;4
1122;2002-05-30;3
1122;2003-09-30;3
1122;2003-12-30;4
1123;2000-05-25;4
1123;2002-06-21;4
1124;2004-12-30;4
1125;2002-12-30;3
1125;2002-12-30;4
1126;1999-12-30;4
1126;2001-05-21;0
1126;2001-10-21;5
1126;2002-09-21;6
1126;2003-08-30;6
1127;2002-07-21;2
1128;2004-12-30;2
1129;2002-05-30;0
1130;2004-05-21;5
1131;2002-10-21;3
1132;2000-05-30;3
1132;2001-05-21;3
1132;2002-06-21;4
1132;2002-06-30;5
1132;2003-10-30;5
1133;2003-05-21;4
1134;2000-12-30;4
1134;2002-07-30;3
1135;1999-06-21;5
1135;2000-05-30;5
1135;2001-06-21;6
1135;2002-12-30;7
1135;2003-08-30;6
1135;2003-11-30;8
1135;2005-05-21;7
1136;2001-08-21;3
1136;2002-07-30;4
1137;1999-10-21;3
1138;2000-09-30;2
1139;1999-12-30;7
1139;2001-12-30;7
1139;2002-12-30;7
1139;2003-12-30;8
1139;2004-12-30;0
1140;2001-06-30;2
1140;2002-09-30;3
1141;2000-12-30;4
1142;2001-05-21;2
1143;2001-10-30;4
1143;2004-12-30;4
1144;2001-12-30;4
1144;2002-12-30;0
1145;1999-05-30;2
1145;2002-05-21;3
1145;2003-12-30;3
1146;1999-05-30;4
1146;2000-05-30;0
1147;2000-07-30;3
1147;2001-12-30;3
1147;2002-12-30;4
1148;1999-06-30;4
1148;2003-08-23;4
1149;1999-05-30;4
1149;2003-12-21;4
1150;1999-05-21;4
1150;1999-12-30;4
1150;1999-12-30;4
1150;2001-12-30;4
1151;2004-05-21;4
1152;2000-05-21;2
1152;2003-12-30;3
1153;2000-05-24;4
1153;2001-05-28;4
1153;2001-12-30;5
1153;2004-08-21;4
1154;1999-05-24;3
1154;1999-12-30;3
1154;2002-05-30;3
1154;2004-09-21;3
1155;2001-05-21;3
1156;2002-12-30;2
1157;2000-05-30;3
1158;2003-12-30;0
1159;2002-08-30;6
1160;2000-12-30;3
1160;2003-12-30;3
1161;2004-05-21;4
1162;1999-12-30;1
1163;1999-05-21;3
1163;2002-05-21;6
1163;2002-05-21;8
1163;2002-05-30;5
1163;2002-10-30;4
1163;2003-05-30;0
1164;2002-05-21;4
1164;2002-05-30;6
1164;2002-09-21;7
1164;2003-05-21;6
1164;2004-11-21;6
1165;2000-12-30;5
1165;2001-12-30;5
1165;2003-05-30;4
1166;2000-05-21;3
1166;2002-12-30;3
1166;2005-07-30;0
1167;1999-07-21;6
1167;2003-10-21;5
1168;1999-10-30;6
1168;2002-08-30;5
1169;1999-05-21;5
1169;1999-05-30;5
1169;2000-12-30;6
1169;2001-12-30;6
1169;2002-10-21;0
1169;2002-12-30;4
1170;2003-05-21;5
1171;1999-06-21;6
1171;2004-05-30;6
1172;1999-05-30;7
1172;2000-05-30;0
1173;1999-05-21;5
1173;1999-07-21;6
1173;2000-05-21;5
1173;2004-12-30;0
1174;2000-09-30;2
1174;2000-12-30;0
1175;2005-05-21;0
1176;2000-12-30;4
1176;2002-09-24;4
1177;2003-05-30;2
1178;2000-08-21;5
1178;2004-12-30;4
1179;1999-05-30;0
1180;2005-10-30;0
1181;2000-11-30;6
1181;2001-05-21;0
1181;2001-12-30;5
1181;2002-05-21;5
1181;2004-05-30;5
1182;1999-11-22;0
1182;1999-12-30;7
1183;2002-12-30;2
1183;2004-05-21;2
1184;1999-05-30;0
1184;2002-05-30;0
1185;1999-12-21;2
1185;2004-05-30;2
1186;1999-12-30;3
1186;2004-05-30;2
1187;2000-12-30;6
1187;2003-12-30;6
1188;1999-08-30;2
1188;2000-06-30;2
1188;2001-05-21;3
1188;2001-05-21;3
1188;2004-12-30;4
1189;1999-05-21;2
1189;2000-05-30;2
1189;2000-12-30;3
1189;2001-05-30;3
1189;2004-05-21;0
1190;2004-11-30;4
1191;2000-12-30;4
1191;2003-05-30;0
1192;1999-05-21;3
1193;2003-05-30;6
1194;1999-07-21;4
1194;1999-10-30;4
1194;1999-12-30;4
1194;2001-12-28;4
1195;1999-05-21;5
1195;2001-08-23;6
1195;2004-05-21;5
1196;2001-05-30;4
1197;1999-12-30;5
1197;2000-05-21;6
1197;2002-10-30;6
1197;2003-05-21;7
1197;2003-07-21;6
1198;2003-05-30;4
1199;2000-10-30;4
1200;2001-12-30;2
1201;2001-12-30;0
1202;2000-05-30;0
1203;2003-05-30;2
1204;2001-12-30;2
1205;2002-05-30;3
1205;2003-12-30;4
1205;2004-05-26;4
1206;1999-12-30;4
1206;2002-11-30;4
1206;2003-12-30;4
1206;2003-12-30;5
1207;2000-05-21;4
1207;2000-05-30;4
1208;2001-05-30;4
1208;2003-10-30;4
1208;2005-05-21;5
1208;2005-09-30;4
1209;1999-12-30;6
1209;2000-12-30;0
1210;1999-08-21;6
1210;2001-05-23;5
1211;1999-12-30;5
1211;2000-12-30;5
1211;2001-08-21;6
1211;2003-06-30;6
1212;2001-12-30;2
1212;2003-11-30;3
1213;2001-05-30;3
1214;2000-05-29;3
1214;2001-12-30;3
1215;2004-12-30;5
1215;2005-05-30;6
1216;2002-09-30;4
1217;2000-05-21;8
1217;2000-07-30;8
1217;2001-12-30;0
1218;2001-05-21;5
1218;2001-12-30;0
1219;1999-09-30;7
1219;2000-09-30;0
1220;2000-05-21;3
1221;2000-05-30;2
1222;2000-05-21;3
1223;2001-07-30;3
1223;2004-09-30;3
1224;2002-05-21;2
1224;2005-05-30;2
1225;2003-12-30;3
1226;2000-07-21;4
1226;2001-05-30;4
1226;2002-05-21;4
1226;2002-08-21;5
1226;2003-09-30;6
1226;2005-05-21;6
1227;2000-05-30;4
1227;2001-12-30;5
1227;2003-12-30;0
1228;2001-11-21;4
1228;2002-12-30;4
1228;2004-05-30;0
1229;1999-05-30;5
1229;2000-12-30;5
1229;2002-06-28;4
1229;2003-10-21;4
1230;2004-12-30;2
1230;2005-05-30;2
1231;2002-07-21;0
1232;2002-05-30;4
1233;2001-12-30;3
1233;2003-05-24;4
1233;2004-12-30;0
1234;1999-09-21;3
1234;2004-05-30;4
1235;1999-12-30;2
1235;2003-05-21;2
1235;2004-08-21;3
1235;2004-12-30;3
1236;1999-06-21;5
1236;2000-10-30;4
1236;2002-11-30;4
1236;2005-05-30;4
1237;1999-07-21;0
1238;2000-12-30;5
1238;2003-09-30;5
1239;1999-05-21;4
1239;2002-05-30;4
1239;2002-10-21;5
1239;2003-05-30;6
1240;1999-10-30;4
1240;2000-10-30;4
1240;2000-12-30;5
1240;2002-05-21;6
1240;2002-06-21;6
1240;2004-11-21;6
1241;1999-07-21;2
1241;2002-05-22;3
1242;2001-05-30;0
1243;2002-12-30;0
1244;2001-08-21;5
1245;2001-06-25;4
1246;2001-11-21;6
1246;2002-05-21;6
1246;2003-05-30;6
1246;2003-12-30;5
1246;2004-05-30;4
1246;2004-10-21;0
1247;1999-12-30;0
1248;1999-12-30;4
1248;2002-05-30;3
1248;2004-05-21;0
1249;2001-05-21;4
1249;2001-07-30;6
1249;2003-12-30;5
1250;2004-12-30;5
1250;2005-12-30;0
1251;2001-05-21;7
1251;2001-12-21;8
1251;2001-12-30;7
1251;2002-05-21;8
1251;2002-05-30;0
1251;2003-05-30;0
1252;1999-12-30;5
1252;2001-05-30;6
1252;2002-05-30;7
1252;2003-05-30;0
1252;2003-09-30;8
1253;2002-05-21;0
1254;2001-05-21;4
1254;2004-07-30;0
1255;2000-05-21;0
1256;2001-10-30;4
1256;2003-07-21;4
1257;1999-12-30;4
1258;2004-06-21;3
1259;2002-05-21;5
1259;2005-09-30;4
1260;2000-05-26;4
1260;2004-05-30;4
1261;1999-08-30;4
1261;2000-06-21;3
1261;2004-06-21;3
1261;2004-09-21;3
1262;2002-12-30;3
1263;2002-05-30;5
1263;2003-05-21;6
1263;2003-05-30;7
1263;2004-08-21;6
1264;1999-05-21;3
1265;1999-06-30;3
1265;2004-05-30;0
1266;2000-12-30;3
1266;2002-12-30;4
1267;2002-05-30;3
1268;1999-12-30;7
1268;2003-09-29;6
1269;2005-05-27;3
1270;2005-12-30;3
1271;2000-05-21;3
1271;2004-12-30;3
1272;2000-05-21;3
1273;2004-06-30;4
1274;2000-06-30;4
1274;2004-07-21;4
1275;1999-06-21;0
1275;1999-12-30;5
1276;2002-05-30;5
1276;2002-08-21;4
1276;2003-12-30;5
1277;2000-09-30;3
1277;2003-12-30;1
1278;2004-12-30;0
1279;2002-10-21;5
1279;2003-05-30;7
1279;2003-05-30;0
1279;2003-12-30;8
1280;2000-05-30;3
1281;2005-07-30;3
1282;2001-05-21;0
1283;1999-08-21;5
1284;1999-05-21;3
1284;1999-09-30;3
1284;2001-10-21;0
1285;2000-05-30;3
1285;2000-07-30;2
1285;2001-05-30;4
1285;2001-11-30;4
1285;2003-05-25;4
1285;2003-12-30;4
1286;2000-05-30;2
1286;2002-10-21;2
1286;2004-05-30;2
1287;2000-12-30;5
1287;2001-05-21;8
1287;2001-05-30;7
1287;2002-05-21;0
1288;2004-10-21;4
1289;1999-10-30;1
1290;1999-10-30;3
1290;1999-12-30;3
1290;2001-07-21;3
1291;2000-09-21;2
1291;2002-12-30;3
1291;2004-12-30;2
1292;2002-10-21;3
1293;2000-12-30;3
1293;2001-11-30;3
1293;2002-08-21;3
1294;1999-05-21;3
1294;2001-08-30;3
1294;2001-12-30;3
1294;2002-05-21;4
1294;2003-12-30;4
1295;2002-12-30;3
1296;2002-05-30;3
1297;2002-05-21;3
1297;2002-12-30;4
1298;2000-05-21;2
1298;2002-12-30;1
1299;2002-12-30;2
1300;1999-10-21;5
1300;2001-06-30;5
1300;2003-05-22;0
1301;1999-11-27;3
1301;2004-05-21;3
1302;2000-10-21;3
1302;2003-05-27;3
1303;2001-05-21;3
1303;2004-05-30;3
1304;1999-08-30;0
1305;2000-05-21;3
1305;2000-05-30;0
1305;2003-12-30;6
1306;1999-08-30;5
1306;1999-12-30;6
1306;2003-05-21;6
1307;2004-09-30;0
1308;1999-09-30;2
1308;1999-12-30;0
1309;2000-05-21;3
1309;2004-05-30;3
1310;2003-05-28;3
1310;2004-12-30;2
1311;2001-09-30;5
1311;2002-12-30;6
1311;2005-05-27;6
1312;2002-07-30;3
1313;2001-12-30;3
1313;2002-12-30;0
1314;2002-05-21;3
1314;2005-12-30;4
1315;1999-05-21;2
1315;2001-05-21;2
1315;2002-08-21;2
1315;2003-05-27;0
1316;2003-06-21;6
1316;2003-12-30;5
1316;2004-05-30;6
1317;2000-05-30;3
1318;2002-05-21;3
1319;1999-12-30;0
1320;2001-05-30;7
1320;2002-08-30;8
1320;2002-12-30;0
1321;2001-09-21;2
1322;2003-05-30;2
1323;1999-08-30;3
1323;2004-11-21;3
1324;2001-07-21;2
1325;2001-07-21;2
1325;2002-08-30;0
1326;1999-10-30;3
1326;2001-05-30;3
1326;2002-05-30;4
1326;2003-12-30;4
1327;1999-05-21;4
1327;2002-05-21;4
1327;2004-12-30;4
1328;2002-10-29;0
1329;1999-12-30;6
1329;2000-08-30;7
1329;2001-05-21;0
1330;1999-12-30;4
1330;2002-05-21;6
1330;2002-08-30;5
1331;2004-10-30;2
1332;2001-05-30;0
1333;1999-12-30;5
1333;2000-05-30;5
1334;2002-06-30;0
1335;2002-12-30;2
1335;2004-12-30;3
1336;2002-08-24;2
1337;2003-12-30;3
1338;2004-11-30;4
1338;2004-12-30;0
1339;2000-05-21;4
1340;2002-12-30;0
1341;2002-12-30;4
1341;2005-09-30;4
1342;2000-05-30;3
1342;2002-05-30;3
1342;2004-05-30;4
1343;1999-05-21;6
1343;2003-12-30;0
1344;1999-12-30;6
1344;2003-11-30;7
1344;2005-12-30;8
1345;2003-08-30;0
1346;1999-12-30;4
1346;2004-05-30;4
1347;1999-05-21;5
1347;1999-08-21;6
1347;2002-05-21;6
1347;2003-12-30;0
1348;2000-11-21;2
1348;2002-12-30;2
1349;1999-05-30;5
1349;2002-10-30;6
1349;2005-05-21;5
1350;1999-09-30;4
1350;2001-05-30;4
1350;2002-10-30;5
1350;2004-05-30;4
1350;2005-05-21;0
1351;1999-05-21;5
1351;2001-12-30;4
1351;2004-11-30;4
1352;1999-11-30;5
1352;2001-09-23;4
1352;2004-05-21;4
1353;2004-12-21;4
1354;2000-10-21;4
1354;2004-10-30;3
1355;2004-11-21;3
1356;2001-12-30;6
1356;2003-05-30;0
1357;1999-08-30;0
1358;1999-05-21;4
1358;2000-12-30;4
1358;2002-05-30;0
1359;1999-12-30;4
1359;2000-05-21;4
1359;2001-12-30;4
1359;2003-05-21;0
1359;2003-10-30;4
1359;2004-05-21;4
1360;1999-05-21;5
1360;2001-05-30;4
1360;2004-09-30;4
1361;2001-12-30;3
1361;2002-12-30;4
1361;2003-05-21;4
1361;2003-05-21;5
1361;2003-09-21;5
1361;2003-09-30;4
1361;2004-10-21;4
1361;2004-10-30;6
1361;2005-05-30;0
1362;1999-10-30;4
1362;2003-12-30;4
1363;2001-12-30;4
1363;2002-05-21;4
1364;2005-08-30;2
1365;2002-05-21;4
1366;2004-08-21;2
1367;2001-09-30;4
1368;2001-05-21;4
1369;2004-12-30;3
1369;2005-05-30;0
1370;1999-07-30;4
1370;2000-07-21;4
1371;2001-12-30;0
1372;2004-12-21;0
1373;1999-05-21;7
1373;2001-05-30;0
1374;1999-05-21;5
1374;2000-10-30;5
1374;2001-05-30;4
1374;2001-11-21;4
1374;2005-05-30;4
1375;2002-12-30;3
1376;2002-08-21;1
1377;2003-05-21;3
1378;2001-12-30;3
1379;2002-05-23;4
1380;2000-05-23;3
1380;2001-05-30;4
1380;2001-05-30;6
1380;2001-08-24;4
1380;2001-10-21;6
1380;2002-12-30;4
1380;2002-12-30;4
1380;2005-05-30;3
1381;2000-05-30;4
1381;2001-08-21;6
1381;2001-09-22;8
1381;2001-10-21;4
1381;2001-12-30;4
1381;2003-12-30;0
1382;2001-11-21;4
1382;2002-06-21;5
1383;2002-05-30;4
1383;2002-12-30;3
1383;2004-05-21;3
1384;2002-12-30;3
1384;2002-12-30;4
1384;2004-09-30;3
1385;2001-05-26;3
1385;2001-06-21;4
1385;2001-12-30;4
1385;2002-05-30;6
1385;2002-10-21;7
1385;2002-12-30;4
1385;2002-12-30;5
1386;2004-12-30;4
1387;2001-06-21;5
1387;2003-05-30;7
1388;2000-05-21;2
1388;2003-12-30;2
1389;2000-12-30;3
1390;2002-05-21;4
1390;2002-12-30;6
1390;2003-12-30;6
1390;2004-07-30;5
1391;2002-05-21;4
1391;2002-05-30;5
1391;2002-09-30;4
1392;1999-06-21;5
1392;1999-07-30;7
1392;1999-08-21;6
1392;2000-10-30;0
1393;2000-09-30;2
1394;2002-08-21;3
1394;2003-05-30;0
1395;2001-11-21;4
1395;2002-12-30;5
1395;2003-05-21;7
1395;2003-05-21;8
1395;2003-10-21;0
1396;2004-05-21;2
1397;2002-11-21;3
1398;2002-11-21;3
1398;2005-05-30;0
1399;2001-06-21;4
1399;2003-07-21;4
1400;2003-05-21;5
1401;1999-12-30;6
1401;2000-05-30;3
1401;2001-05-30;3
1401;2001-10-21;4
1401;2002-05-21;4
1401;2002-09-30;5
1402;1999-07-21;6
1402;1999-07-27;5
1402;2000-05-30;7
1402;2002-12-30;8
1402;2002-12-30;0
1403;2001-12-30;5
1403;2002-05-21;6
1403;2002-05-30;7
1403;2002-05-30;7
1403;2002-10-30;7
1403;2002-11-30;6
1403;2002-12-30;8
1403;2003-05-21;0
1403;2004-10-30;7
1403;2005-11-30;6
1404;1999-05-21;6
1404;1999-05-30;6
1404;2002-09-30;6
1404;2002-12-30;7
1404;2003-11-30;7
1404;2004-10-30;0
1405;1999-07-23;2
1405;2003-05-21;2
1406;2001-12-30;3
1407;2000-10-21;2
1407;2003-05-30;2
1408;2002-05-21;6
1409;2001-05-21;2
1409;2002-10-30;2
1410;2001-09-30;2
1411;2002-10-30;6
1411;2004-12-30;5
1412;1999-05-30;4
1412;2001-12-30;4
1413;2000-05-21;4
1413;2004-05-21;4
1413;2004-05-30;5
1413;2005-11-30;4
1414;1999-12-30;4
1415;1999-05-21;5
1415;2003-09-30;6
1416;2004-12-26;3
1417;2003-07-29;6
1418;2002-05-24;2
1419;2001-05-30;2
1419;2002-10-30;4
1419;2002-12-30;3
1419;2002-12-30;4
1419;2002-12-30;5
1419;2002-12-30;6
1419;2004-05-27;5
1420;1999-12-30;3
1421;2003-05-30;0
1422;1999-12-30;3
1422;2000-05-21;0
1423;2000-05-21;0
1424;2000-12-30;7
1424;2000-12-30;8
1424;2001-10-21;0
1425;2000-05-30;3
1425;2002-05-21;4
1426;2003-05-30;0
1427;2000-10-21;6
1427;2001-12-30;6
1427;2004-06-30;7
1427;2004-12-30;6
1428;2000-12-30;5
1428;2000-12-30;8
1429;2003-05-30;5
1430;2003-05-21;3
1431;2001-05-25;4
1431;2001-07-30;7
1431;2003-12-22;5
1431;2003-12-30;6
1431;2004-05-21;4
1431;2005-05-21;4
1432;2001-05-30;4
1432;2002-05-30;4
1432;2002-05-30;5
1432;2002-05-30;6
1432;2002-09-21;4
1432;2003-12-30;6
1432;2004-05-28;5
1432;2004-08-24;3
1433;2002-05-30;0
1434;2002-05-30;4
1434;2002-07-21;5
1434;2002-09-30;4
1434;2002-10-30;3
1435;2001-11-21;4
1436;2000-08-30;0
1437;1999-12-30;2
1437;2003-07-30;3
1437;2004-09-21;3
1438;2000-09-21;4
1439;1999-05-30;6
1439;1999-05-30;6
1439;2000-05-21;5
1439;2000-09-30;6
1439;2001-05-22;5
1440;2000-07-21;7
1440;2001-05-30;8
1440;2001-10-21;0
1441;2000-07-27;2
1441;2001-12-30;2
1442;2001-12-30;3
1442;2002-09-30;4
1442;2004-05-21;4
1443;2002-12-30;4
1444;1999-05-21;4
1444;2002-05-21;5
1444;2003-05-28;4
1445;1999-05-30;3
1445;2000-11-30;2
1446;2000-05-30;7
1446;2000-07-30;7
1446;2001-05-21;0
1447;2001-08-30;0
1448;1999-07-21;7
1448;2004-06-30;6
1449;2000-05-30;4
1449;2002-10-30;4
1449;2002-12-30;0
1450;2004-08-30;0
1451;1999-12-30;6
1451;2001-05-21;6
1451;2002-05-21;7
1451;2004-05-30;0
1452;2001-05-23;3
1452;2004-05-21;3
1453;2003-07-30;0
1454;1999-05-21;0
1454;2003-05-30;8
1454;2003-12-30;7
1454;2004-05-30;0
1455;2000-05-21;0
1456;1999-11-30;3
1456;2001-12-30;4
1457;1999-12-30;3
1457;2000-05-30;4
1457;2000-10-21;4
1457;2001-05-21;5
1457;2002-05-24;5
1457;2004-05-30;5
1457;2005-05-21;5
1458;1999-10-30;3
1458;2004-05-21;4
1459;1999-12-21;1
1459;2003-07-21;0
1460;1999-12-30;4
1460;2002-05-21;4
1460;2002-10-23;0
1461;2003-05-30;4
1462;2000-08-21;4
1463;2000-06-21;3
1464;1999-05-30;5
1464;1999-08-21;4
1464;2000-06-21;4
1464;2001-09-23;4
1465;1999-10-21;4
1465;2001-11-30;4
1466;1999-05-30;4
1467;2000-05-21;3
1467;2002-06-21;3
1468;1999-06-30;4
1468;2000-11-30;5
1468;2000-12-30;5
1468;2001-06-30;6
1468;2002-11-30;6
1469;2001-05-30;2
1470;2003-12-30;0
1471;2004-10-30;2
1472;1999-12-30;5
1472;2000-08-21;6
1473;2003-05-30;0
1473;2003-08-30;3
1474;2000-12-30;0
1475;2000-10-30;2
1475;2002-05-30;1
1475;2003-05-21;0
1476;2000-08-21;6
1476;2001-12-30;5
1476;2002-12-30;5
1476;2004-06-21;5
1477;1999-05-30;3
1477;2001-06-27;4
1477;2001-06-30;4
1477;2005-10-30;4
1478;1999-05-28;0
1479;1999-05-30;4
1479;2005-10-30;4
1480;2001-05-24;3
1481;1999-05-21;2
1481;2002-05-21;0
1482;2003-05-30;4
1482;2003-11-30;4
1483;2001-12-30;0
1484;2003-05-21;4
1484;2003-05-30;4
1485;2004-08-30;5
1485;2005-05-21;6
1486;2000-10-30;4
1486;2001-12-30;3
1487;2003-11-30;6
1488;2002-12-30;4
1489;1999-10-21;6
1489;2001-05-30;7
1489;2002-07-21;8
1489;2002-10-30;8
1489;2004-05-21;0
1490;2003-12-30;3
1491;1999-05-30;5
1491;1999-09-30;5
1491;2003-05-30;6
1491;2005-10-30;5
1492;1999-08-21;0
1493;2001-05-21;4
1494;2000-09-30;2
1495;2003-12-30;5
1496;2001-07-21;0
1497;2004-05-30;6
1498;2001-05-30;5
1499;1999-12-30;4
1499;2002-12-30;3
1500;1999-05-21;5
1500;2001-05-21;6
1500;2001-12-30;7
1500;2003-12-30;0
1501;2002-05-29;5
1501;2002-12-30;0
1501;2003-05-30;5
1502;2001-05-30;4
1502;2002-05-22;4
1503;2004-08-30;7
1504;2000-05-30;2
1505;2003-12-30;3
1506;2001-10-30;4
1506;2004-12-30;5
1507;2002-06-30;4
1507;2002-11-21;5
1508;2000-05-30;3
1508;2002-12-30;4
1508;2003-09-21;4
1509;2003-09-21;4
1510;2005-05-21;6
1511;2001-10-30;3
1512;2003-07-21;0
1513;2002-05-21;0
1514;2000-12-30;4
1514;2002-12-30;5
1514;2002-12-30;6
1514;2004-05-30;6
1515;1999-05-30;5
1515;2000-07-21;0
1516;2003-05-30;0
1517;2001-12-30;0
1517;2003-12-21;2
1518;2001-05-30;2
1519;2003-05-21;3
1520;2004-06-21;0
1521;2001-05-30;0
1521;2001-12-30;4
1521;2002-10-30;4
1521;2003-05-30;5
1521;2004-06-21;3
1522;2005-05-30;2
1523;2004-05-30;3
1524;2004-05-30;3
1525;2004-05-30;4
1526;2002-06-21;4
1526;2004-05-21;4
1527;2001-05-30;7
1527;2004-08-21;7
1527;2004-12-30;0
1528;1999-05-21;4
1528;2000-05-30;4
1529;2001-10-30;4
1529;2002-10-30;5
1530;2000-05-21;5
1530;2001-09-30;5
1530;2001-12-30;4
1531;1999-08-24;4
1531;2004-10-30;4
1532;2003-05-21;4
1533;2002-12-30;4
1534;1999-08-30;4
1534;2000-05-21;3
1534;2004-05-30;3
1535;1999-05-21;0
1536;2000-10-30;3
1536;2002-05-27;0
1536;2002-05-30;3
1537;2004-11-30;0
1538;2000-12-30;3
1538;2001-12-30;3
1539;2002-10-21;0
1539;2002-12-30;5
1540;2001-05-28;3
1541;2002-07-21;1
1542;2000-05-21;3
1542;2001-12-30;1
1542;2002-12-30;0
1543;1999-12-30;4
1543;2001-11-30;4
1544;2000-05-30;3
1544;2004-05-21;3
1545;2000-08-30;0
1546;1999-05-23;6
1546;1999-12-30;5
1546;2000-05-30;0
1547;2000-08-30;4
1547;2003-05-21;0
1548;2000-05-21;2
1548;2002-05-21;3
1549;2003-12-30;5
1549;2003-12-30;6
1550;2003-12-30;3
1550;2004-09-21;3
1551;2001-05-30;4
1551;2003-10-30;0
1552;2000-05-21;5
1552;2000-07-21;7
1552;2000-12-30;8
1552;2000-12-30;7
1552;2003-10-21;0
1553;1999-05-30;4
1553;2004-09-21;4
1554;2002-12-30;0
1555;2004-12-30;2
1556;1999-05-24;0
1557;2004-05-30;0
1558;1999-05-30;6
1558;2000-08-30;7
1558;2001-06-30;7
1558;2001-08-30;7
1558;2002-05-25;8
1558;2004-05-21;7
1558;2004-12-30;7
1559;2000-05-21;3
1559;2001-05-26;3
1559;2002-12-30;3
1559;2003-05-30;0
1560;2000-11-21;0
1561;2000-05-30;3
1561;2001-10-21;3
1561;2001-10-30;3
1561;2004-10-30;0
1562;2000-06-24;5
1562;2004-12-30;5
1562;2005-08-30;5
1563;1999-07-21;6
1563;1999-09-21;4
1563;1999-12-30;5
1563;2000-05-30;6
1563;2000-05-30;7
1563;2000-12-30;7
1563;2001-06-21;7
1563;2003-12-30;7
1563;2004-05-24;7
1564;2001-06-30;3
1564;2003-11-30;0
1565;2001-05-23;2
1565;2001-05-30;2
1566;2002-11-30;4
1566;2005-05-21;4
1567;2000-05-30;4
1567;2003-05-21;0
1568;1999-12-30;5
1568;2001-09-21;6
1568;2001-11-21;8
1568;2002-05-30;0
1569;1999-05-26;3
1570;2001-12-30;3
1570;2003-08-27;3
1571;1999-09-30;3
1572;2002-05-24;4
1572;2003-05-21;0
1573;2002-07-30;4
1574;2001-12-30;3
1574;2002-05-21;4
1574;2003-12-30;4
1575;1999-08-30;7
1575;2001-05-30;6
1575;2002-07-30;6
1575;2003-08-30;5
1575;2005-05-21;5
1576;2001-05-21;4
1576;2004-11-21;5
1577;1999-11-21;0
1578;2000-05-21;2
1578;2001-12-30;2
1579;2000-05-23;2
1580;1999-09-30;0
1581;2001-05-30;3
1581;2001-06-30;3
1581;2002-09-21;4
1581;2002-09-21;5
1581;2003-12-30;0
1582;2004-11-21;4
1583;1999-11-30;0
1583;1999-12-30;5
1583;2000-05-30;0
1583;2000-12-30;3
1584;2001-05-30;2
1584;2004-06-21;0
1585;2001-07-30;5
1586;2001-05-21;4
1586;2001-05-28;7
1586;2002-08-30;5
1586;2003-07-21;4
1586;2003-12-30;0
1587;2001-10-21;0
1588;1999-05-24;0
1589;1999-08-30;2
1589;2000-06-30;2
1589;2000-10-21;3
1589;2001-05-30;3
1589;2001-06-30;3
1589;2004-05-30;4
1590;2001-12-30;3
1590;2003-12-30;3
1591;1999-11-30;6
1591;1999-12-30;6
1591;2001-08-24;7
1591;2003-12-30;6
1591;2004-12-30;6
1592;1999-12-30;4
1592;2001-05-30;4
1592;2002-05-30;4
1592;2003-05-26;3
1592;2003-05-30;0
1593;1999-12-30;3
1593;2002-07-21;3
1594;2004-12-30;0
1595;2002-12-30;3
1595;2003-12-30;2
1596;1999-05-29;3
1596;1999-06-21;3
1596;2001-12-30;3
1597;1999-05-21;3
1597;1999-05-24;3
1597;2001-12-30;2
1597;2004-05-28;0
1598;1999-05-26;3
1598;1999-12-30;3
1598;2004-12-30;3
1599;2000-12-30;3
1600;1999-06-30;5
1600;2003-05-30;4
1601;1999-07-21;5
1602;2004-07-30;6
1603;2004-05-30;0
1604;2003-06-30;3
1604;2004-05-21;4
1605;2001-12-30;2
1605;2002-06-30;3
1606;2001-07-21;3
1606;2002-12-21;3
1607;2005-05-30;4
1608;2003-05-21;2
1609;1999-07-21;8
1609;2001-05-30;0
1610;2002-11-21;6
1610;2003-06-21;6
1611;2004-05-30;0
1612;2000-12-30;5
1612;2002-08-30;5
1612;2003-05-30;0
1613;2003-05-21;3
1613;2003-11-30;0
1614;2001-05-30;4
1614;2002-05-30;0
1615;2001-08-30;4
1615;2002-05-29;0
1615;2002-05-30;4
1615;2002-05-30;5
1616;2002-10-21;3
1616;2005-05-22;0
1617;2001-09-30;4
1618;2002-12-30;4
1618;2004-09-21;4
1618;2005-09-30;5
1619;1999-11-21;3
1619;2002-05-21;4
1619;2004-12-30;4
1619;2005-05-27;5
1620;2004-08-21;3
1621;2003-12-30;2
1622;2001-12-30;5
1622;2003-12-30;6
1623;1999-07-21;4
1623;2000-05-26;5
1623;2000-05-30;5
1623;2000-12-30;6
1623;2004-10-21;5
1624;1999-09-30;7
1624;2000-05-21;0
1625;1999-06-21;3
1625;2000-09-21;3
1625;2003-12-30;2
1626;1999-05-30;3
1626;2000-08-28;3
1626;2003-12-30;3
1627;2001-10-30;0
1628;2004-05-21;2
1629;2002-05-29;3
1629;2002-12-30;3
1630;1999-12-30;6
1630;2004-12-30;5
1631;2004-12-30;4
1631;2004-12-30;0
1632;1999-05-30;4
1632;2000-05-21;0
1633;2002-12-30;3
1634;1999-11-30;6
1634;2000-05-30;7
1634;2001-12-30;0
1635;1999-05-21;2
1636;2002-05-21;5
1636;2002-05-30;6
1637;2001-05-30;8
1637;2001-10-30;6
1637;2004-05-30;7
1638;2003-05-22;3
1638;2004-09-30;2
1639;2000-08-21;3
1639;2003-06-25;3
1640;2005-07-30;2
1641;2001-08-21;2
1641;2005-08-30;2
1642;2005-05-21;2
1643;2002-05-25;1
1644;2001-12-30;3
1645;1999-12-30;0
1646;2001-05-21;3
1647;2004-12-30;3
1648;2001-05-28;5
1648;2003-05-21;5
1648;2004-12-30;4
1649;2001-12-30;4
1650;2003-12-30;2
1650;2004-12-30;1
1651;2002-05-30;3
1652;2000-10-21;3
1652;2002-08-21;2
1653;2000-06-30;2
1653;2003-05-30;2
1653;2004-07-21;3
1654;2000-12-30;5
1654;2001-05-30;0
1654;2005-05-21;4
1655;1999-05-30;0
1656;2001-05-30;4
1656;2002-05-30;4
1656;2003-05-28;5
1657;2002-05-30;3
1657;2004-07-21;2
1658;2001-12-30;4
1659;2000-05-30;2
1659;2003-05-30;2
1659;2004-05-30;3
1660;2001-05-30;7
1660;2002-05-21;5
1660;2003-11-25;4
1660;2004-05-30;4
1661;2001-12-30;0
1662;2000-09-21;3
1662;2002-10-21;4
1663;2001-05-30;3
1664;1999-06-30;3
1664;1999-10-21;4
1664;2002-12-30;4
1664;2003-11-30;6
1665;1999-11-21;4
1665;2002-09-21;4
1665;2002-12-30;5
1665;2003-05-21;7
1666;1999-12-30;2
1666;2003-06-30;2
1666;2004-05-30;3
1666;2004-07-21;3
1667;1999-05-30;2
1667;2003-05-21;3
1667;2004-05-21;3
1668;2003-12-30;3
1669;2004-12-30;6
1670;1999-09-21;4
1670;2002-05-30;4
1671;1999-09-21;5
1671;2000-10-30;4
1671;2002-05-21;4
1672;2000-12-30;4
1672;2001-05-21;4
1672;2002-12-30;5
1672;2003-11-30;6
1672;2004-05-30;6
1673;1999-07-30;3
1674;1999-07-30;0
1675;2002-05-22;3
1675;2004-11-21;0
1676;1999-12-30;2
1676;2003-05-21;3
1676;2004-06-21;3
1677;1999-12-30;2
1677;2003-08-30;3
1677;2004-06-21;3
1678;1999-05-21;3
1679;1999-06-30;2
1679;2003-05-21;2
1679;2004-06-21;3
1679;2004-12-30;3
1680;2000-06-21;3
1680;2003-05-30;4
1681;2001-07-30;4
1681;2002-05-30;5
1682;2000-08-21;4
1682;2002-05-21;5
1682;2002-05-30;6
1682;2002-05-30;6
1682;2004-07-21;6
1683;1999-05-21;7
1683;2000-05-30;0
1684;2000-12-30;3
1684;2002-12-30;4
1685;1999-12-30;5
1685;2000-09-30;4
1685;2002-10-30;4
1685;2005-05-30;4
1686;2001-12-30;1
1687;2000-12-30;2
1688;2000-07-30;3
1689;2004-05-30;3
1690;1999-05-21;2
1691;2001-05-30;3
1691;2004-06-30;3
1692;1999-07-30;3
1692;2001-12-30;3
1692;2004-10-21;2
1693;1999-05-21;3
1693;1999-08-30;3
1693;2000-11-30;0
1694;2000-12-30;4
1694;2002-05-21;4
1694;2002-05-21;5
1694;2002-05-21;5
1694;2003-12-30;5
1694;2003-12-30;0
1695;2000-05-21;3
1695;2003-05-21;0
1696;1999-12-30;0
1696;2003-10-21;4
1696;2004-09-24;0
1697;2002-12-30;3
1698;2001-08-24;0
1699;2004-09-30;4
1699;2005-12-30;4
1700;1999-12-30;6
1700;2002-05-30;6
1701;1999-12-30;3
1701;2001-11-30;3
1702;2001-06-21;0
1703;2002-06-21;3
1704;1999-05-30;5
1704;1999-12-30;5
1704;2003-11-21;6
1705;2001-05-30;3
1705;2004-09-21;0
1706;2000-05-21;3
1706;2000-12-30;0
1706;2002-05-30;2
1707;2002-12-30;1
1708;2001-05-21;3
1709;1999-05-21;7
1709;1999-09-21;7
1709;2001-05-30;0
1709;2001-12-30;8
1710;2002-12-30;3
1711;2000-05-30;3
1712;2002-12-30;3
1712;2003-12-30;4
1712;2003-12-30;0
1713;2001-05-30;2
1713;2001-09-21;3
1713;2002-05-21;3
1713;2002-05-30;5
1713;2002-08-21;6
1713;2002-09-30;4
1713;2002-12-30;4
1713;2004-12-30;5
1714;2000-12-30;0
1714;2001-12-30;4
1714;2004-08-23;4
1715;1999-05-21;3
1715;2004-12-30;3
1716;1999-06-30;4
1716;2000-08-21;0
1717;2001-12-30;0
1718;1999-08-21;0
1719;2004-12-30;3
1720;2005-05-21;3
1721;2005-05-21;3
1722;1999-05-30;3
1723;1999-05-24;3
1723;2004-11-21;3
1724;2002-12-30;2
1724;2004-05-27;0
1725;2004-11-30;5
1726;2003-07-30;4
1726;2004-12-30;3
1727;2002-05-21;2
1728;1999-08-21;6
1728;1999-10-30;5
1728;1999-12-30;5
1728;2004-09-30;5
1729;2000-10-21;2
1730;2002-06-30;3
1730;2003-12-30;3
1731;1999-09-21;3
1731;2002-10-21;0
1732;1999-12-30;7
1732;2000-12-30;8
1732;2001-05-21;0
1732;2001-08-30;8
1733;2000-12-21;5
1733;2003-12-30;0
1734;2000-10-30;4
1734;2003-07-21;4
1734;2004-12-30;4
1735;1999-12-30;7
1735;2000-08-21;0
1735;2002-05-21;6
1735;2004-09-21;6
1735;2004-11-21;6
1736;1999-05-30;2
1736;2002-05-30;1
1737;1999-07-24;2
1737;2000-05-21;2
1737;2003-05-21;2
1738;2001-12-30;2
1738;2004-10-30;2
1739;2001-06-30;0
1739;2004-07-21;7
1739;2004-08-21;0
1740;2004-12-30;4
1741;2002-08-21;3
1741;2003-10-30;4
1741;2004-05-21;4
1742;2001-09-30;3
1742;2002-12-30;4
1742;2004-05-28;5
1743;2003-05-28;0
1744;1999-08-30;3
1744;2002-12-30;3
1745;1999-08-30;3
1745;2000-12-30;3
1745;2001-05-30;4
1745;2001-07-21;4
1745;2002-12-30;4
1745;2005-05-30;4
1746;2000-11-30;3
1746;2003-05-30;4
1747;1999-05-30;6
1747;2003-06-30;0
1748;1999-10-30;4
1748;2002-05-28;4
1749;2001-05-21;3
1749;2001-07-21;4
1749;2002-05-21;4
1749;2002-05-21;4
1749;2002-05-30;5
1749;2004-10-28;5
1749;2005-05-21;5
1749;2005-05-21;4
1750;1999-12-30;4
1750;2002-06-21;5
1750;2003-08-30;6
1751;2003-05-21;0
1752;1999-12-30;5
1752;2002-05-30;6
1752;2002-12-30;6
1753;2001-05-30;2
1754;2000-10-21;3
1755;2001-08-21;2
1756;1999-06-30;5
1756;2001-11-21;4
1756;2004-05-25;4
1757;2001-10-30;2
1757;2003-05-28;3
1757;2003-05-30;4
1757;2003-06-21;0
1757;2004-11-30;3
1758;2002-12-23;4
1758;2003-12-30;4
1759;2000-05-21;3
1760;2002-05-21;5
1760;2002-05-30;4
1760;2003-05-21;4
1761;2002-11-21;5
1761;2003-06-21;6
1761;2003-11-30;6
1761;2003-11-30;6
1762;2000-11-21;3
1763;2002-10-21;5
1764;2002-12-30;4
1765;1999-12-30;6
1765;2000-08-30;6
1765;2000-12-30;0
1766;1999-05-21;3
1766;2001-07-30;3
1767;2000-10-30;4
1767;2003-12-30;4
1768;1999-11-30;0
1769;2003-08-21;5
1770;2001-11-30;4
1770;2003-05-21;4
1770;2004-10-21;4
1771;2000-05-30;3
1772;2004-12-30;4
1773;2001-05-21;4
1773;2003-05-30;4
1774;1999-11-30;4
1774;2000-12-30;3
1774;2004-05-21;0
1775;1999-07-30;4
1775;2000-12-30;3
1775;2004-12-30;0
1776;1999-09-21;6
1776;1999-10-30;6
1776;2000-05-29;7
1776;2000-12-30;0
1776;2001-05-21;7
1776;2002-10-30;8
1776;2002-11-21;0
1777;2003-07-22;0
1778;1999-05-30;3
1778;2000-05-21;2
1778;2000-12-30;0
1779;2000-12-30;5
1779;2001-07-21;4
1780;1999-12-30;4
1780;2005-05-30;0
1781;2000-06-21;6
1782;2004-12-21;3
1783;2002-05-21;3
1784;2003-07-21;0
1785;2001-12-30;4
1786;2002-05-30;4
1786;2002-05-30;5
1786;2002-12-30;6
1786;2004-05-21;5
1786;2004-05-30;5
1786;2004-12-30;4
1787;1999-12-30;3
1787;2002-06-30;4
1788;2001-08-30;4
1788;2001-12-30;3
1788;2004-07-30;4
1788;2004-08-21;3
1788;2004-12-30;3
1789;2001-05-30;4
1789;2004-05-30;3
1790;1999-05-21;3
1790;2004-09-21;3
1791;1999-05-21;7
1791;2000-12-30;7
1791;2001-10-21;0
1792;2000-08-30;3
1792;2001-10-21;4
1792;2002-05-28;4
1792;2004-05-21;5
1793;2003-05-30;1
1794;2003-05-25;1
1795;2003-05-30;1
1796;2001-12-30;2
1796;2004-05-21;0
1797;1999-12-30;3
1797;2000-10-30;3
1797;2002-12-30;2
1797;2003-12-30;0
1798;2005-05-30;2
1798;2005-11-30;2
1799;2001-05-28;7
1799;2003-06-21;0
1800;1999-05-30;3
1800;2002-12-30;3
1801;2004-05-21;3
1802;2002-05-30;7
1802;2002-12-30;4
1802;2002-12-30;6
1802;2003-07-21;6
1802;2003-12-30;6
1803;1999-06-21;5
1803;1999-12-30;6
1803;2001-05-21;6
1803;2003-07-21;7
1804;2002-05-21;5
1804;2002-05-30;4
1804;2002-10-21;6
1804;2003-05-21;6
1804;2004-10-21;5
1805;2000-05-30;6
1805;2002-11-30;7
1805;2003-05-30;8
1805;2003-12-30;7
1805;2004-05-30;7
1805;2004-08-21;7
1806;1999-12-30;4
1807;2000-05-30;7
1808;2000-05-21;0
1808;2004-12-30;6
1809;2002-11-30;6
1809;2003-05-25;7
1810;1999-05-21;5
1810;2002-12-30;6
1810;2004-05-21;5
1811;2000-05-21;0
1812;1999-07-21;6
1812;2001-05-21;6
1812;2002-12-30;0
1813;2002-12-30;3
1814;2000-10-21;2
1815;2002-12-30;3
1816;2001-10-21;5
1816;2003-12-30;5
1817;2000-07-21;0
1818;2002-05-21;2
1819;1999-05-21;4
1819;2001-05-21;4
1819;2002-11-21;4
1819;2004-12-30;4
1820;2001-05-21;0
1821;2005-05-21;5
1822;2000-12-30;4
1823;2002-05-30;4
1823;2002-05-30;5
1823;2002-10-30;4
1823;2004-12-30;4
1824;2001-05-25;2
1825;2001-06-21;2
1825;2002-12-30;0
1826;2005-09-30;2
1827;2000-12-30;0
1828;1999-10-21;4
1828;2000-12-30;0
1829;1999-12-30;4
1829;2000-08-30;3
